"kpi","lokasi","Area","Realisasi","insert_at","bulan"
"ASR-ENT-Assurance Guarantee DATIN","reg","REGIONAL 01",90.71,"2025-09-17",9
"ASR-ENT-Assurance Guarantee DATIN","reg","REGIONAL 02",90.82,"2025-09-17",9
"ASR-ENT-Assurance Guarantee DATIN","reg","REGIONAL 03",96.95,"2025-09-17",9
"ASR-ENT-Assurance Guarantee DATIN","reg","REGIONAL 04",95.34,"2025-09-17",9
"ASR-ENT-Assurance Guarantee DATIN","reg","REGIONAL 05",92.91,"2025-09-17",9
"ASR-ENT-Assurance Guarantee DATIN","reg","REGIONAL 06",87.98,"2025-09-17",9
"ASR-ENT-Assurance Guarantee DATIN","reg","REGIONAL 07",84.95,"2025-09-17",9
"ASR-ENT-Assurance Guarantee DATIN","reg4","KUDUS",88.89,"2025-09-17",9
"ASR-ENT-Assurance Guarantee DATIN","reg4","MAGELANG",94.74,"2025-09-17",9
"ASR-ENT-Assurance Guarantee DATIN","reg4","PEKALONGAN",94.87,"2025-09-17",9
"ASR-ENT-Assurance Guarantee DATIN","reg4","PURWOKERTO",96.55,"2025-09-17",9
"ASR-ENT-Assurance Guarantee DATIN","reg4","SEMARANG",98.57,"2025-09-17",9
"ASR-ENT-Assurance Guarantee DATIN","reg4","SOLO",100.00,"2025-09-17",9
"ASR-ENT-Assurance Guarantee DATIN","reg4","YOGYAKARTA",90.63,"2025-09-17",9
"ASR-ENT-Assurance Guarantee DATIN","reg5","DENPASAR",89.23,"2025-09-17",9
"ASR-ENT-Assurance Guarantee DATIN","reg5","JEMBER",100.00,"2025-09-17",9
"ASR-ENT-Assurance Guarantee DATIN","reg5","KEDIRI",96.55,"2025-09-17",9
"ASR-ENT-Assurance Guarantee DATIN","reg5","MADIUN",93.10,"2025-09-17",9
"ASR-ENT-Assurance Guarantee DATIN","reg5","MADURA",90.00,"2025-09-17",9
"ASR-ENT-Assurance Guarantee DATIN","reg5","MALANG",100.00,"2025-09-17",9
"ASR-ENT-Assurance Guarantee DATIN","reg5","NTB",92.19,"2025-09-17",9
"ASR-ENT-Assurance Guarantee DATIN","reg5","NTT",89.36,"2025-09-17",9
"ASR-ENT-Assurance Guarantee DATIN","reg5","PASURUAN",96.30,"2025-09-17",9
"ASR-ENT-Assurance Guarantee DATIN","reg5","SIDOARJO",93.62,"2025-09-17",9
"ASR-ENT-Assurance Guarantee DATIN","reg5","SINGARAJA",82.61,"2025-09-17",9
"ASR-ENT-Assurance Guarantee DATIN","reg5","SURABAYA SELATAN",97.83,"2025-09-17",9
"ASR-ENT-Assurance Guarantee DATIN","reg5","SURABAYA UTARA",96.88,"2025-09-17",9
"ASR-ENT-Assurance Guarantee WiFi","reg","REGIONAL 01",92.76,"2025-09-17",9
"ASR-ENT-Assurance Guarantee WiFi","reg","REGIONAL 02",92.95,"2025-09-17",9
"ASR-ENT-Assurance Guarantee WiFi","reg","REGIONAL 03",95.72,"2025-09-17",9
"ASR-ENT-Assurance Guarantee WiFi","reg","REGIONAL 04",92.78,"2025-09-17",9
"ASR-ENT-Assurance Guarantee WiFi","reg","REGIONAL 05",91.39,"2025-09-17",9
"ASR-ENT-Assurance Guarantee WiFi","reg","REGIONAL 06",89.24,"2025-09-17",9
"ASR-ENT-Assurance Guarantee WiFi","reg","REGIONAL 07",83.95,"2025-09-17",9
"ASR-ENT-Assurance Guarantee WiFi","reg4","KUDUS",93.22,"2025-09-17",9
"ASR-ENT-Assurance Guarantee WiFi","reg4","MAGELANG",95.45,"2025-09-17",9
"ASR-ENT-Assurance Guarantee WiFi","reg4","PEKALONGAN",87.50,"2025-09-17",9
"ASR-ENT-Assurance Guarantee WiFi","reg4","PURWOKERTO",90.91,"2025-09-17",9
"ASR-ENT-Assurance Guarantee WiFi","reg4","SEMARANG",90.74,"2025-09-17",9
"ASR-ENT-Assurance Guarantee WiFi","reg4","SOLO",95.65,"2025-09-17",9
"ASR-ENT-Assurance Guarantee WiFi","reg4","YOGYAKARTA",94.29,"2025-09-17",9
"ASR-ENT-Assurance Guarantee WiFi","reg5","DENPASAR",71.74,"2025-09-17",9
"ASR-ENT-Assurance Guarantee WiFi","reg5","JEMBER",100.00,"2025-09-17",9
"ASR-ENT-Assurance Guarantee WiFi","reg5","KEDIRI",100.00,"2025-09-17",9
"ASR-ENT-Assurance Guarantee WiFi","reg5","MADIUN",100.00,"2025-09-17",9
"ASR-ENT-Assurance Guarantee WiFi","reg5","MADURA",100.00,"2025-09-17",9
"ASR-ENT-Assurance Guarantee WiFi","reg5","MALANG",96.30,"2025-09-17",9
"ASR-ENT-Assurance Guarantee WiFi","reg5","NTB",95.12,"2025-09-17",9
"ASR-ENT-Assurance Guarantee WiFi","reg5","NTT",87.80,"2025-09-17",9
"ASR-ENT-Assurance Guarantee WiFi","reg5","PASURUAN",100.00,"2025-09-17",9
"ASR-ENT-Assurance Guarantee WiFi","reg5","SIDOARJO",89.80,"2025-09-17",9
"ASR-ENT-Assurance Guarantee WiFi","reg5","SINGARAJA",95.83,"2025-09-17",9
"ASR-ENT-Assurance Guarantee WiFi","reg5","SURABAYA SELATAN",86.54,"2025-09-17",9
"ASR-ENT-Assurance Guarantee WiFi","reg5","SURABAYA UTARA",95.74,"2025-09-17",9
"ASR-ENT-Assurance Guarantee HSI","reg","REGIONAL 01",90.55,"2025-09-17",9
"ASR-ENT-Assurance Guarantee HSI","reg","REGIONAL 02",90.08,"2025-09-17",9
"ASR-ENT-Assurance Guarantee HSI","reg","REGIONAL 03",94.12,"2025-09-17",9
"ASR-ENT-Assurance Guarantee HSI","reg","REGIONAL 04",91.47,"2025-09-17",9
"ASR-ENT-Assurance Guarantee HSI","reg","REGIONAL 05",90.01,"2025-09-17",9
"ASR-ENT-Assurance Guarantee HSI","reg","REGIONAL 06",91.24,"2025-09-17",9
"ASR-ENT-Assurance Guarantee HSI","reg","REGIONAL 07",88.27,"2025-09-17",9
"ASR-ENT-Assurance Guarantee HSI","reg4","KUDUS",89.90,"2025-09-17",9
"ASR-ENT-Assurance Guarantee HSI","reg4","MAGELANG",93.48,"2025-09-17",9
"ASR-ENT-Assurance Guarantee HSI","reg4","PEKALONGAN",93.65,"2025-09-17",9
"ASR-ENT-Assurance Guarantee HSI","reg4","PURWOKERTO",91.35,"2025-09-17",9
"ASR-ENT-Assurance Guarantee HSI","reg4","SEMARANG",90.81,"2025-09-17",9
"ASR-ENT-Assurance Guarantee HSI","reg4","SOLO",92.37,"2025-09-17",9
"ASR-ENT-Assurance Guarantee HSI","reg4","YOGYAKARTA",90.00,"2025-09-17",9
"ASR-ENT-Assurance Guarantee HSI","reg5","DENPASAR",83.60,"2025-09-17",9
"ASR-ENT-Assurance Guarantee HSI","reg5","JEMBER",96.97,"2025-09-17",9
"ASR-ENT-Assurance Guarantee HSI","reg5","KEDIRI",96.85,"2025-09-17",9
"ASR-ENT-Assurance Guarantee HSI","reg5","MADIUN",94.59,"2025-09-17",9
"ASR-ENT-Assurance Guarantee HSI","reg5","MADURA",87.06,"2025-09-17",9
"ASR-ENT-Assurance Guarantee HSI","reg5","MALANG",96.79,"2025-09-17",9
"ASR-ENT-Assurance Guarantee HSI","reg5","NTB",85.56,"2025-09-17",9
"ASR-ENT-Assurance Guarantee HSI","reg5","NTT",93.62,"2025-09-17",9
"ASR-ENT-Assurance Guarantee HSI","reg5","PASURUAN",100.00,"2025-09-17",9
"ASR-ENT-Assurance Guarantee HSI","reg5","SIDOARJO",93.04,"2025-09-17",9
"ASR-ENT-Assurance Guarantee HSI","reg5","SINGARAJA",84.16,"2025-09-17",9
"ASR-ENT-Assurance Guarantee HSI","reg5","SURABAYA SELATAN",96.28,"2025-09-17",9
"ASR-ENT-Assurance Guarantee HSI","reg5","SURABAYA UTARA",92.23,"2025-09-17",9
"FFM-ENT-TTI Compliance HSI","reg","REGIONAL 01",78.82,"2025-09-17",9
"FFM-ENT-TTI Compliance HSI","reg","REGIONAL 02",83.51,"2025-09-17",9
"FFM-ENT-TTI Compliance HSI","reg","REGIONAL 03",86.57,"2025-09-17",9
"FFM-ENT-TTI Compliance HSI","reg","REGIONAL 04",88.11,"2025-09-17",9
"FFM-ENT-TTI Compliance HSI","reg","REGIONAL 05",87.24,"2025-09-17",9
"FFM-ENT-TTI Compliance HSI","reg","REGIONAL 06",88.93,"2025-09-17",9
"FFM-ENT-TTI Compliance HSI","reg","REGIONAL 07",82.40,"2025-09-17",9
"FFM-ENT-TTI Compliance HSI","reg4","KUDUS",82.46,"2025-09-17",9
"FFM-ENT-TTI Compliance HSI","reg4","MAGELANG",84.91,"2025-09-17",9
"FFM-ENT-TTI Compliance HSI","reg4","PEKALONGAN",85.93,"2025-09-17",9
"FFM-ENT-TTI Compliance HSI","reg4","PURWOKERTO",83.91,"2025-09-17",9
"FFM-ENT-TTI Compliance HSI","reg4","SEMARANG",95.36,"2025-09-17",9
"FFM-ENT-TTI Compliance HSI","reg4","SOLO",90.41,"2025-09-17",9
"FFM-ENT-TTI Compliance HSI","reg4","YOGYAKARTA",92.50,"2025-09-17",9
"FFM-ENT-TTI Compliance HSI","reg5","DENPASAR",67.21,"2025-09-17",9
"FFM-ENT-TTI Compliance HSI","reg5","JEMBER",94.65,"2025-09-17",9
"FFM-ENT-TTI Compliance HSI","reg5","KEDIRI",83.13,"2025-09-17",9
"FFM-ENT-TTI Compliance HSI","reg5","MADIUN",85.71,"2025-09-17",9
"FFM-ENT-TTI Compliance HSI","reg5","MADURA",86.17,"2025-09-17",9
"FFM-ENT-TTI Compliance HSI","reg5","MALANG",90.63,"2025-09-17",9
"FFM-ENT-TTI Compliance HSI","reg5","NTB",87.45,"2025-09-17",9
"FFM-ENT-TTI Compliance HSI","reg5","NTT",58.44,"2025-09-17",9
"FFM-ENT-TTI Compliance HSI","reg5","PASURUAN",99.04,"2025-09-17",9
"FFM-ENT-TTI Compliance HSI","reg5","SIDOARJO",88.75,"2025-09-17",9
"FFM-ENT-TTI Compliance HSI","reg5","SINGARAJA",83.33,"2025-09-17",9
"FFM-ENT-TTI Compliance HSI","reg5","SURABAYA SELATAN",97.75,"2025-09-17",9
"FFM-ENT-TTI Compliance HSI","reg5","SURABAYA UTARA",88.00,"2025-09-17",9
"FFM-ENT-Fulfillment Guarantee HSI","reg","REGIONAL 01",97.62,"2025-09-17",9
"FFM-ENT-Fulfillment Guarantee HSI","reg","REGIONAL 02",97.30,"2025-09-17",9
"FFM-ENT-Fulfillment Guarantee HSI","reg","REGIONAL 03",97.63,"2025-09-17",9
"FFM-ENT-Fulfillment Guarantee HSI","reg","REGIONAL 04",97.34,"2025-09-17",9
"FFM-ENT-Fulfillment Guarantee HSI","reg","REGIONAL 05",97.91,"2025-09-17",9
"FFM-ENT-Fulfillment Guarantee HSI","reg","REGIONAL 06",96.77,"2025-09-17",9
"FFM-ENT-Fulfillment Guarantee HSI","reg","REGIONAL 07",95.86,"2025-09-17",9
"FFM-ENT-Fulfillment Guarantee HSI","reg4","KUDUS",98.73,"2025-09-17",9
"FFM-ENT-Fulfillment Guarantee HSI","reg4","MAGELANG",95.14,"2025-09-17",9
"FFM-ENT-Fulfillment Guarantee HSI","reg4","PEKALONGAN",96.89,"2025-09-17",9
"FFM-ENT-Fulfillment Guarantee HSI","reg4","PURWOKERTO",99.32,"2025-09-17",9
"FFM-ENT-Fulfillment Guarantee HSI","reg4","SEMARANG",97.40,"2025-09-17",9
"FFM-ENT-Fulfillment Guarantee HSI","reg4","SOLO",97.49,"2025-09-17",9
"FFM-ENT-Fulfillment Guarantee HSI","reg4","YOGYAKARTA",96.61,"2025-09-17",9
"FFM-ENT-Fulfillment Guarantee HSI","reg5","DENPASAR",94.62,"2025-09-17",9
"FFM-ENT-Fulfillment Guarantee HSI","reg5","JEMBER",100.00,"2025-09-17",9
"FFM-ENT-Fulfillment Guarantee HSI","reg5","KEDIRI",99.59,"2025-09-17",9
"FFM-ENT-Fulfillment Guarantee HSI","reg5","MADIUN",99.45,"2025-09-17",9
"FFM-ENT-Fulfillment Guarantee HSI","reg5","MADURA",96.14,"2025-09-17",9
"FFM-ENT-Fulfillment Guarantee HSI","reg5","MALANG",99.01,"2025-09-17",9
"FFM-ENT-Fulfillment Guarantee HSI","reg5","NTB",97.97,"2025-09-17",9
"FFM-ENT-Fulfillment Guarantee HSI","reg5","NTT",96.73,"2025-09-17",9
"FFM-ENT-Fulfillment Guarantee HSI","reg5","PASURUAN",99.32,"2025-09-17",9
"FFM-ENT-Fulfillment Guarantee HSI","reg5","SIDOARJO",97.76,"2025-09-17",9
"FFM-ENT-Fulfillment Guarantee HSI","reg5","SINGARAJA",97.78,"2025-09-17",9
"FFM-ENT-Fulfillment Guarantee HSI","reg5","SURABAYA SELATAN",96.93,"2025-09-17",9
"FFM-ENT-Fulfillment Guarantee HSI","reg5","SURABAYA UTARA",96.62,"2025-09-17",9
"FFM-ENT-PS to PI Ratio HSI","reg","REGIONAL 01",56.40,"2025-09-17",9
"FFM-ENT-PS to PI Ratio HSI","reg","REGIONAL 02",58.04,"2025-09-17",9
"FFM-ENT-PS to PI Ratio HSI","reg","REGIONAL 03",72.40,"2025-09-17",9
"FFM-ENT-PS to PI Ratio HSI","reg","REGIONAL 04",60.84,"2025-09-17",9
"FFM-ENT-PS to PI Ratio HSI","reg","REGIONAL 05",56.69,"2025-09-17",9
"FFM-ENT-PS to PI Ratio HSI","reg","REGIONAL 06",38.32,"2025-09-17",9
"FFM-ENT-PS to PI Ratio HSI","reg","REGIONAL 07",34.24,"2025-09-17",9
"FFM-ENT-PS to PI Ratio HSI","reg4","KUDUS",59.26,"2025-09-17",9
"FFM-ENT-PS to PI Ratio HSI","reg4","MAGELANG",63.41,"2025-09-17",9
"FFM-ENT-PS to PI Ratio HSI","reg4","PEKALONGAN",63.64,"2025-09-17",9
"FFM-ENT-PS to PI Ratio HSI","reg4","PURWOKERTO",56.25,"2025-09-17",9
"FFM-ENT-PS to PI Ratio HSI","reg4","SEMARANG",52.02,"2025-09-17",9
"FFM-ENT-PS to PI Ratio HSI","reg4","SOLO",71.43,"2025-09-17",9
"FFM-ENT-PS to PI Ratio HSI","reg4","YOGYAKARTA",65.42,"2025-09-17",9
"FFM-ENT-PS to PI Ratio HSI","reg5","DENPASAR",36.36,"2025-09-17",9
"FFM-ENT-PS to PI Ratio HSI","reg5","JEMBER",76.54,"2025-09-17",9
"FFM-ENT-PS to PI Ratio HSI","reg5","KEDIRI",72.81,"2025-09-17",9
"FFM-ENT-PS to PI Ratio HSI","reg5","MADIUN",58.14,"2025-09-17",9
"FFM-ENT-PS to PI Ratio HSI","reg5","MADURA",49.14,"2025-09-17",9
"FFM-ENT-PS to PI Ratio HSI","reg5","MALANG",61.62,"2025-09-17",9
"FFM-ENT-PS to PI Ratio HSI","reg5","NTB",42.17,"2025-09-17",9
"FFM-ENT-PS to PI Ratio HSI","reg5","NTT",39.02,"2025-09-17",9
"FFM-ENT-PS to PI Ratio HSI","reg5","PASURUAN",88.89,"2025-09-17",9
"FFM-ENT-PS to PI Ratio HSI","reg5","SIDOARJO",56.25,"2025-09-17",9
"FFM-ENT-PS to PI Ratio HSI","reg5","SINGARAJA",36.05,"2025-09-17",9
"FFM-ENT-PS to PI Ratio HSI","reg5","SURABAYA SELATAN",71.83,"2025-09-17",9
"FFM-ENT-PS to PI Ratio HSI","reg5","SURABAYA UTARA",64.42,"2025-09-17",9
"FFM-ENT-TTR Fulfillment Guarantee 3 jam HSI","reg","REGIONAL 01",57.69,"2025-09-17",9
"FFM-ENT-TTR Fulfillment Guarantee 3 jam HSI","reg","REGIONAL 02",82.00,"2025-09-17",9
"FFM-ENT-TTR Fulfillment Guarantee 3 jam HSI","reg","REGIONAL 03",92.11,"2025-09-17",9
"FFM-ENT-TTR Fulfillment Guarantee 3 jam HSI","reg","REGIONAL 04",65.00,"2025-09-17",9
"FFM-ENT-TTR Fulfillment Guarantee 3 jam HSI","reg","REGIONAL 05",65.57,"2025-09-17",9
"FFM-ENT-TTR Fulfillment Guarantee 3 jam HSI","reg","REGIONAL 06",45.10,"2025-09-17",9
"FFM-ENT-TTR Fulfillment Guarantee 3 jam HSI","reg","REGIONAL 07",23.17,"2025-09-17",9
"FFM-ENT-TTR Fulfillment Guarantee 3 jam HSI","reg4","KUDUS",66.67,"2025-09-17",9
"FFM-ENT-TTR Fulfillment Guarantee 3 jam HSI","reg4","MAGELANG",66.67,"2025-09-17",9
"FFM-ENT-TTR Fulfillment Guarantee 3 jam HSI","reg4","PEKALONGAN",83.33,"2025-09-17",9
"FFM-ENT-TTR Fulfillment Guarantee 3 jam HSI","reg4","PURWOKERTO",100.00,"2025-09-17",9
"FFM-ENT-TTR Fulfillment Guarantee 3 jam HSI","reg4","SEMARANG",71.43,"2025-09-17",9
"FFM-ENT-TTR Fulfillment Guarantee 3 jam HSI","reg4","SOLO",20.00,"2025-09-17",9
"FFM-ENT-TTR Fulfillment Guarantee 3 jam HSI","reg4","YOGYAKARTA",66.67,"2025-09-17",9
"FFM-ENT-TTR Fulfillment Guarantee 3 jam HSI","reg5","DENPASAR",75.00,"2025-09-17",9
"FFM-ENT-TTR Fulfillment Guarantee 3 jam HSI","reg5","JEMBER",100.00,"2025-09-17",9
"FFM-ENT-TTR Fulfillment Guarantee 3 jam HSI","reg5","KEDIRI",0.00,"2025-09-17",9
"FFM-ENT-TTR Fulfillment Guarantee 3 jam HSI","reg5","MADIUN",100.00,"2025-09-17",9
"FFM-ENT-TTR Fulfillment Guarantee 3 jam HSI","reg5","MADURA",55.56,"2025-09-17",9
"FFM-ENT-TTR Fulfillment Guarantee 3 jam HSI","reg5","MALANG",100.00,"2025-09-17",9
"FFM-ENT-TTR Fulfillment Guarantee 3 jam HSI","reg5","NTB",50.00,"2025-09-17",9
"FFM-ENT-TTR Fulfillment Guarantee 3 jam HSI","reg5","NTT",60.00,"2025-09-17",9
"FFM-ENT-TTR Fulfillment Guarantee 3 jam HSI","reg5","PASURUAN",100.00,"2025-09-17",9
"FFM-ENT-TTR Fulfillment Guarantee 3 jam HSI","reg5","SIDOARJO",57.14,"2025-09-17",9
"FFM-ENT-TTR Fulfillment Guarantee 3 jam HSI","reg5","SINGARAJA",66.67,"2025-09-17",9
"FFM-ENT-TTR Fulfillment Guarantee 3 jam HSI","reg5","SURABAYA SELATAN",100.00,"2025-09-17",9
"FFM-ENT-TTR Fulfillment Guarantee 3 jam HSI","reg5","SURABAYA UTARA",61.54,"2025-09-17",9
"FFM-WHF-TTI Compliance","reg","REGIONAL 01",93.12,"2025-09-17",9
"FFM-WHF-TTI Compliance","reg","REGIONAL 02",97.83,"2025-09-17",9
"FFM-WHF-TTI Compliance","reg","REGIONAL 03",98.00,"2025-09-17",9
"FFM-WHF-TTI Compliance","reg","REGIONAL 04",94.61,"2025-09-17",9
"FFM-WHF-TTI Compliance","reg","REGIONAL 05",96.32,"2025-09-17",9
"FFM-WHF-TTI Compliance","reg","REGIONAL 06",94.19,"2025-09-17",9
"FFM-WHF-TTI Compliance","reg","REGIONAL 07",87.09,"2025-09-17",9
"FFM-WHF-TTI Compliance","reg4","KUDUS",94.92,"2025-09-17",9
"FFM-WHF-TTI Compliance","reg4","MAGELANG",94.15,"2025-09-17",9
"FFM-WHF-TTI Compliance","reg4","PEKALONGAN",93.35,"2025-09-17",9
"FFM-WHF-TTI Compliance","reg4","PURWOKERTO",94.61,"2025-09-17",9
"FFM-WHF-TTI Compliance","reg4","SEMARANG",96.00,"2025-09-17",9
"FFM-WHF-TTI Compliance","reg4","SOLO",94.66,"2025-09-17",9
"FFM-WHF-TTI Compliance","reg4","YOGYAKARTA",94.15,"2025-09-17",9
"FFM-WHF-TTI Compliance","reg5","DENPASAR",95.65,"2025-09-17",9
"FFM-WHF-TTI Compliance","reg5","JEMBER",99.50,"2025-09-17",9
"FFM-WHF-TTI Compliance","reg5","KEDIRI",97.72,"2025-09-17",9
"FFM-WHF-TTI Compliance","reg5","MADIUN",96.38,"2025-09-17",9
"FFM-WHF-TTI Compliance","reg5","MADURA",97.71,"2025-09-17",9
"FFM-WHF-TTI Compliance","reg5","MALANG",98.23,"2025-09-17",9
"FFM-WHF-TTI Compliance","reg5","NTB",91.69,"2025-09-17",9
"FFM-WHF-TTI Compliance","reg5","NTT",80.62,"2025-09-17",9
"FFM-WHF-TTI Compliance","reg5","PASURUAN",99.15,"2025-09-17",9
"FFM-WHF-TTI Compliance","reg5","SIDOARJO",98.78,"2025-09-17",9
"FFM-WHF-TTI Compliance","reg5","SINGARAJA",94.88,"2025-09-17",9
"FFM-WHF-TTI Compliance","reg5","SURABAYA SELATAN",98.53,"2025-09-17",9
"FFM-WHF-TTI Compliance","reg5","SURABAYA UTARA",99.00,"2025-09-17",9
"FFM-WHF-Fulfillment Guarantee Compliance","reg","REGIONAL 01",98.71,"2025-09-17",9
"FFM-WHF-Fulfillment Guarantee Compliance","reg","REGIONAL 02",98.96,"2025-09-17",9
"FFM-WHF-Fulfillment Guarantee Compliance","reg","REGIONAL 03",98.54,"2025-09-17",9
"FFM-WHF-Fulfillment Guarantee Compliance","reg","REGIONAL 04",99.38,"2025-09-17",9
"FFM-WHF-Fulfillment Guarantee Compliance","reg","REGIONAL 05",98.70,"2025-09-17",9
"FFM-WHF-Fulfillment Guarantee Compliance","reg","REGIONAL 06",98.94,"2025-09-17",9
"FFM-WHF-Fulfillment Guarantee Compliance","reg","REGIONAL 07",98.56,"2025-09-17",9
"FFM-WHF-Fulfillment Guarantee Compliance","reg4","KUDUS",99.19,"2025-09-17",9
"FFM-WHF-Fulfillment Guarantee Compliance","reg4","MAGELANG",97.97,"2025-09-17",9
"FFM-WHF-Fulfillment Guarantee Compliance","reg4","PEKALONGAN",99.54,"2025-09-17",9
"FFM-WHF-Fulfillment Guarantee Compliance","reg4","PURWOKERTO",99.65,"2025-09-17",9
"FFM-WHF-Fulfillment Guarantee Compliance","reg4","SEMARANG",99.81,"2025-09-17",9
"FFM-WHF-Fulfillment Guarantee Compliance","reg4","SOLO",99.76,"2025-09-17",9
"FFM-WHF-Fulfillment Guarantee Compliance","reg4","YOGYAKARTA",99.36,"2025-09-17",9
"FFM-WHF-Fulfillment Guarantee Compliance","reg5","DENPASAR",97.64,"2025-09-17",9
"FFM-WHF-Fulfillment Guarantee Compliance","reg5","JEMBER",99.89,"2025-09-17",9
"FFM-WHF-Fulfillment Guarantee Compliance","reg5","KEDIRI",99.00,"2025-09-17",9
"FFM-WHF-Fulfillment Guarantee Compliance","reg5","MADIUN",98.47,"2025-09-17",9
"FFM-WHF-Fulfillment Guarantee Compliance","reg5","MADURA",98.14,"2025-09-17",9
"FFM-WHF-Fulfillment Guarantee Compliance","reg5","MALANG",99.42,"2025-09-17",9
"FFM-WHF-Fulfillment Guarantee Compliance","reg5","NTB",96.81,"2025-09-17",9
"FFM-WHF-Fulfillment Guarantee Compliance","reg5","NTT",97.43,"2025-09-17",9
"FFM-WHF-Fulfillment Guarantee Compliance","reg5","PASURUAN",99.19,"2025-09-17",9
"FFM-WHF-Fulfillment Guarantee Compliance","reg5","SIDOARJO",99.10,"2025-09-17",9
"FFM-WHF-Fulfillment Guarantee Compliance","reg5","SINGARAJA",98.61,"2025-09-17",9
"FFM-WHF-Fulfillment Guarantee Compliance","reg5","SURABAYA SELATAN",99.12,"2025-09-17",9
"FFM-WHF-Fulfillment Guarantee Compliance","reg5","SURABAYA UTARA",99.39,"2025-09-17",9
"FFM-WHF-TTR Fulfillment Guarantee Compliance","reg","REGIONAL 01",94.60,"2025-09-17",9
"FFM-WHF-TTR Fulfillment Guarantee Compliance","reg","REGIONAL 02",98.58,"2025-09-17",9
"FFM-WHF-TTR Fulfillment Guarantee Compliance","reg","REGIONAL 03",98.99,"2025-09-17",9
"FFM-WHF-TTR Fulfillment Guarantee Compliance","reg","REGIONAL 04",98.89,"2025-09-17",9
"FFM-WHF-TTR Fulfillment Guarantee Compliance","reg","REGIONAL 05",94.38,"2025-09-17",9
"FFM-WHF-TTR Fulfillment Guarantee Compliance","reg","REGIONAL 06",92.02,"2025-09-17",9
"FFM-WHF-TTR Fulfillment Guarantee Compliance","reg","REGIONAL 07",85.07,"2025-09-17",9
"FFM-WHF-TTR Fulfillment Guarantee Compliance","reg4","KUDUS",100.00,"2025-09-17",9
"FFM-WHF-TTR Fulfillment Guarantee Compliance","reg4","MAGELANG",97.22,"2025-09-17",9
"FFM-WHF-TTR Fulfillment Guarantee Compliance","reg4","PEKALONGAN",100.00,"2025-09-17",9
"FFM-WHF-TTR Fulfillment Guarantee Compliance","reg4","PURWOKERTO",100.00,"2025-09-17",9
"FFM-WHF-TTR Fulfillment Guarantee Compliance","reg4","SEMARANG",100.00,"2025-09-17",9
"FFM-WHF-TTR Fulfillment Guarantee Compliance","reg4","SOLO",100.00,"2025-09-17",9
"FFM-WHF-TTR Fulfillment Guarantee Compliance","reg4","YOGYAKARTA",100.00,"2025-09-17",9
"FFM-WHF-TTR Fulfillment Guarantee Compliance","reg5","DENPASAR",90.48,"2025-09-17",9
"FFM-WHF-TTR Fulfillment Guarantee Compliance","reg5","JEMBER",100.00,"2025-09-17",9
"FFM-WHF-TTR Fulfillment Guarantee Compliance","reg5","KEDIRI",90.00,"2025-09-17",9
"FFM-WHF-TTR Fulfillment Guarantee Compliance","reg5","MADIUN",93.75,"2025-09-17",9
"FFM-WHF-TTR Fulfillment Guarantee Compliance","reg5","MADURA",95.83,"2025-09-17",9
"FFM-WHF-TTR Fulfillment Guarantee Compliance","reg5","MALANG",100.00,"2025-09-17",9
"FFM-WHF-TTR Fulfillment Guarantee Compliance","reg5","NTB",93.10,"2025-09-17",9
"FFM-WHF-TTR Fulfillment Guarantee Compliance","reg5","NTT",85.37,"2025-09-17",9
"FFM-WHF-TTR Fulfillment Guarantee Compliance","reg5","PASURUAN",100.00,"2025-09-17",9
"FFM-WHF-TTR Fulfillment Guarantee Compliance","reg5","SIDOARJO",100.00,"2025-09-17",9
"FFM-WHF-TTR Fulfillment Guarantee Compliance","reg5","SINGARAJA",95.24,"2025-09-17",9
"FFM-WHF-TTR Fulfillment Guarantee Compliance","reg5","SURABAYA SELATAN",100.00,"2025-09-17",9
"FFM-WHF-TTR Fulfillment Guarantee Compliance","reg5","SURABAYA UTARA",100.00,"2025-09-17",9
"ASR-ENT-TTR Compliance K1 DATIN 1.5 Jam","reg","REGIONAL 01",,"2025-09-17",9
"ASR-ENT-TTR Compliance K1 DATIN 1.5 Jam","reg","REGIONAL 02",,"2025-09-17",9
"ASR-ENT-TTR Compliance K1 DATIN 1.5 Jam","reg","REGIONAL 03",,"2025-09-17",9
"ASR-ENT-TTR Compliance K1 DATIN 1.5 Jam","reg","REGIONAL 04",,"2025-09-17",9
"ASR-ENT-TTR Compliance K1 DATIN 1.5 Jam","reg","REGIONAL 05",,"2025-09-17",9
"ASR-ENT-TTR Compliance K1 DATIN 1.5 Jam","reg","REGIONAL 06",,"2025-09-17",9
"ASR-ENT-TTR Compliance K1 DATIN 1.5 Jam","reg","REGIONAL 07",,"2025-09-17",9
"ASR-ENT-TTR Compliance K1 DATIN 1.5 Jam","reg4","KUDUS",,"2025-09-17",9
"ASR-ENT-TTR Compliance K1 DATIN 1.5 Jam","reg4","MAGELANG",,"2025-09-17",9
"ASR-ENT-TTR Compliance K1 DATIN 1.5 Jam","reg4","PEKALONGAN",,"2025-09-17",9
"ASR-ENT-TTR Compliance K1 DATIN 1.5 Jam","reg4","PURWOKERTO",,"2025-09-17",9
"ASR-ENT-TTR Compliance K1 DATIN 1.5 Jam","reg4","SEMARANG",,"2025-09-17",9
"ASR-ENT-TTR Compliance K1 DATIN 1.5 Jam","reg4","SOLO",,"2025-09-17",9
"ASR-ENT-TTR Compliance K1 DATIN 1.5 Jam","reg4","YOGYAKARTA",,"2025-09-17",9
"ASR-ENT-TTR Compliance K1 DATIN 1.5 Jam","reg5","DENPASAR",,"2025-09-17",9
"ASR-ENT-TTR Compliance K1 DATIN 1.5 Jam","reg5","JEMBER",,"2025-09-17",9
"ASR-ENT-TTR Compliance K1 DATIN 1.5 Jam","reg5","KEDIRI",,"2025-09-17",9
"ASR-ENT-TTR Compliance K1 DATIN 1.5 Jam","reg5","MADIUN",,"2025-09-17",9
"ASR-ENT-TTR Compliance K1 DATIN 1.5 Jam","reg5","MADURA",,"2025-09-17",9
"ASR-ENT-TTR Compliance K1 DATIN 1.5 Jam","reg5","MALANG",,"2025-09-17",9
"ASR-ENT-TTR Compliance K1 DATIN 1.5 Jam","reg5","NTB",,"2025-09-17",9
"ASR-ENT-TTR Compliance K1 DATIN 1.5 Jam","reg5","NTT",,"2025-09-17",9
"ASR-ENT-TTR Compliance K1 DATIN 1.5 Jam","reg5","PASURUAN",,"2025-09-17",9
"ASR-ENT-TTR Compliance K1 DATIN 1.5 Jam","reg5","SIDOARJO",,"2025-09-17",9
"ASR-ENT-TTR Compliance K1 DATIN 1.5 Jam","reg5","SINGARAJA",,"2025-09-17",9
"ASR-ENT-TTR Compliance K1 DATIN 1.5 Jam","reg5","SURABAYA SELATAN",,"2025-09-17",9
"ASR-ENT-TTR Compliance K1 DATIN 1.5 Jam","reg5","SURABAYA UTARA",,"2025-09-17",9
"ASR-ENT-TTR Compliance K2 dan K1 Repair DATIN 3.6 Jam","reg","REGIONAL 01",74.14,"2025-09-17",9
"ASR-ENT-TTR Compliance K2 dan K1 Repair DATIN 3.6 Jam","reg","REGIONAL 02",84.38,"2025-09-17",9
"ASR-ENT-TTR Compliance K2 dan K1 Repair DATIN 3.6 Jam","reg","REGIONAL 03",86.75,"2025-09-17",9
"ASR-ENT-TTR Compliance K2 dan K1 Repair DATIN 3.6 Jam","reg","REGIONAL 04",93.42,"2025-09-17",9
"ASR-ENT-TTR Compliance K2 dan K1 Repair DATIN 3.6 Jam","reg","REGIONAL 05",79.73,"2025-09-17",9
"ASR-ENT-TTR Compliance K2 dan K1 Repair DATIN 3.6 Jam","reg","REGIONAL 06",73.17,"2025-09-17",9
"ASR-ENT-TTR Compliance K2 dan K1 Repair DATIN 3.6 Jam","reg","REGIONAL 07",65.68,"2025-09-17",9
"ASR-ENT-TTR Compliance K2 dan K1 Repair DATIN 3.6 Jam","reg4","KUDUS",100.00,"2025-09-17",9
"ASR-ENT-TTR Compliance K2 dan K1 Repair DATIN 3.6 Jam","reg4","MAGELANG",71.43,"2025-09-17",9
"ASR-ENT-TTR Compliance K2 dan K1 Repair DATIN 3.6 Jam","reg4","PEKALONGAN",93.33,"2025-09-17",9
"ASR-ENT-TTR Compliance K2 dan K1 Repair DATIN 3.6 Jam","reg4","PURWOKERTO",85.71,"2025-09-17",9
"ASR-ENT-TTR Compliance K2 dan K1 Repair DATIN 3.6 Jam","reg4","SEMARANG",94.12,"2025-09-17",9
"ASR-ENT-TTR Compliance K2 dan K1 Repair DATIN 3.6 Jam","reg4","SOLO",100.00,"2025-09-17",9
"ASR-ENT-TTR Compliance K2 dan K1 Repair DATIN 3.6 Jam","reg4","YOGYAKARTA",100.00,"2025-09-17",9
"ASR-ENT-TTR Compliance K2 dan K1 Repair DATIN 3.6 Jam","reg5","DENPASAR",72.73,"2025-09-17",9
"ASR-ENT-TTR Compliance K2 dan K1 Repair DATIN 3.6 Jam","reg5","JEMBER",100.00,"2025-09-17",9
"ASR-ENT-TTR Compliance K2 dan K1 Repair DATIN 3.6 Jam","reg5","KEDIRI",83.33,"2025-09-17",9
"ASR-ENT-TTR Compliance K2 dan K1 Repair DATIN 3.6 Jam","reg5","MADIUN",88.89,"2025-09-17",9
"ASR-ENT-TTR Compliance K2 dan K1 Repair DATIN 3.6 Jam","reg5","MADURA",87.50,"2025-09-17",9
"ASR-ENT-TTR Compliance K2 dan K1 Repair DATIN 3.6 Jam","reg5","MALANG",100.00,"2025-09-17",9
"ASR-ENT-TTR Compliance K2 dan K1 Repair DATIN 3.6 Jam","reg5","NTB",85.71,"2025-09-17",9
"ASR-ENT-TTR Compliance K2 dan K1 Repair DATIN 3.6 Jam","reg5","NTT",81.82,"2025-09-17",9
"ASR-ENT-TTR Compliance K2 dan K1 Repair DATIN 3.6 Jam","reg5","PASURUAN",85.71,"2025-09-17",9
"ASR-ENT-TTR Compliance K2 dan K1 Repair DATIN 3.6 Jam","reg5","SIDOARJO",100.00,"2025-09-17",9
"ASR-ENT-TTR Compliance K2 dan K1 Repair DATIN 3.6 Jam","reg5","SINGARAJA",69.23,"2025-09-17",9
"ASR-ENT-TTR Compliance K2 dan K1 Repair DATIN 3.6 Jam","reg5","SURABAYA SELATAN",46.67,"2025-09-17",9
"ASR-ENT-TTR Compliance K2 dan K1 Repair DATIN 3.6 Jam","reg5","SURABAYA UTARA",78.57,"2025-09-17",9
"ASR-ENT-TTR Compliance K3 DATIN 7.2 Jam","reg","REGIONAL 01",88.62,"2025-09-17",9
"ASR-ENT-TTR Compliance K3 DATIN 7.2 Jam","reg","REGIONAL 02",89.42,"2025-09-17",9
"ASR-ENT-TTR Compliance K3 DATIN 7.2 Jam","reg","REGIONAL 03",93.06,"2025-09-17",9
"ASR-ENT-TTR Compliance K3 DATIN 7.2 Jam","reg","REGIONAL 04",97.73,"2025-09-17",9
"ASR-ENT-TTR Compliance K3 DATIN 7.2 Jam","reg","REGIONAL 05",91.26,"2025-09-17",9
"ASR-ENT-TTR Compliance K3 DATIN 7.2 Jam","reg","REGIONAL 06",76.67,"2025-09-17",9
"ASR-ENT-TTR Compliance K3 DATIN 7.2 Jam","reg","REGIONAL 07",66.55,"2025-09-17",9
"ASR-ENT-TTR Compliance K3 DATIN 7.2 Jam","reg4","KUDUS",100.00,"2025-09-17",9
"ASR-ENT-TTR Compliance K3 DATIN 7.2 Jam","reg4","MAGELANG",100.00,"2025-09-17",9
"ASR-ENT-TTR Compliance K3 DATIN 7.2 Jam","reg4","PEKALONGAN",100.00,"2025-09-17",9
"ASR-ENT-TTR Compliance K3 DATIN 7.2 Jam","reg4","PURWOKERTO",100.00,"2025-09-17",9
"ASR-ENT-TTR Compliance K3 DATIN 7.2 Jam","reg4","SEMARANG",100.00,"2025-09-17",9
"ASR-ENT-TTR Compliance K3 DATIN 7.2 Jam","reg4","SOLO",100.00,"2025-09-17",9
"ASR-ENT-TTR Compliance K3 DATIN 7.2 Jam","reg4","YOGYAKARTA",84.62,"2025-09-17",9
"ASR-ENT-TTR Compliance K3 DATIN 7.2 Jam","reg5","DENPASAR",95.24,"2025-09-17",9
"ASR-ENT-TTR Compliance K3 DATIN 7.2 Jam","reg5","JEMBER",94.12,"2025-09-17",9
"ASR-ENT-TTR Compliance K3 DATIN 7.2 Jam","reg5","KEDIRI",85.71,"2025-09-17",9
"ASR-ENT-TTR Compliance K3 DATIN 7.2 Jam","reg5","MADIUN",100.00,"2025-09-17",9
"ASR-ENT-TTR Compliance K3 DATIN 7.2 Jam","reg5","MADURA",100.00,"2025-09-17",9
"ASR-ENT-TTR Compliance K3 DATIN 7.2 Jam","reg5","MALANG",100.00,"2025-09-17",9
"ASR-ENT-TTR Compliance K3 DATIN 7.2 Jam","reg5","NTB",89.66,"2025-09-17",9
"ASR-ENT-TTR Compliance K3 DATIN 7.2 Jam","reg5","NTT",92.31,"2025-09-17",9
"ASR-ENT-TTR Compliance K3 DATIN 7.2 Jam","reg5","PASURUAN",100.00,"2025-09-17",9
"ASR-ENT-TTR Compliance K3 DATIN 7.2 Jam","reg5","SIDOARJO",100.00,"2025-09-17",9
"ASR-ENT-TTR Compliance K3 DATIN 7.2 Jam","reg5","SINGARAJA",76.00,"2025-09-17",9
"ASR-ENT-TTR Compliance K3 DATIN 7.2 Jam","reg5","SURABAYA SELATAN",93.75,"2025-09-17",9
"ASR-ENT-TTR Compliance K3 DATIN 7.2 Jam","reg5","SURABAYA UTARA",86.36,"2025-09-17",9
"ASR-ENT-TTR Compliance WiFi","reg","REGIONAL 01",96.96,"2025-09-17",9
"ASR-ENT-TTR Compliance WiFi","reg","REGIONAL 02",99.15,"2025-09-17",9
"ASR-ENT-TTR Compliance WiFi","reg","REGIONAL 03",97.25,"2025-09-17",9
"ASR-ENT-TTR Compliance WiFi","reg","REGIONAL 04",96.46,"2025-09-17",9
"ASR-ENT-TTR Compliance WiFi","reg","REGIONAL 05",93.68,"2025-09-17",9
"ASR-ENT-TTR Compliance WiFi","reg","REGIONAL 06",81.40,"2025-09-17",9
"ASR-ENT-TTR Compliance WiFi","reg","REGIONAL 07",77.35,"2025-09-17",9
"ASR-ENT-TTR Compliance WiFi","reg4","KUDUS",94.59,"2025-09-17",9
"ASR-ENT-TTR Compliance WiFi","reg4","MAGELANG",93.75,"2025-09-17",9
"ASR-ENT-TTR Compliance WiFi","reg4","PEKALONGAN",100.00,"2025-09-17",9
"ASR-ENT-TTR Compliance WiFi","reg4","PURWOKERTO",100.00,"2025-09-17",9
"ASR-ENT-TTR Compliance WiFi","reg4","SEMARANG",97.92,"2025-09-17",9
"ASR-ENT-TTR Compliance WiFi","reg4","SOLO",93.94,"2025-09-17",9
"ASR-ENT-TTR Compliance WiFi","reg4","YOGYAKARTA",97.37,"2025-09-17",9
"ASR-ENT-TTR Compliance WiFi","reg5","DENPASAR",83.87,"2025-09-17",9
"ASR-ENT-TTR Compliance WiFi","reg5","JEMBER",100.00,"2025-09-17",9
"ASR-ENT-TTR Compliance WiFi","reg5","KEDIRI",100.00,"2025-09-17",9
"ASR-ENT-TTR Compliance WiFi","reg5","MADIUN",100.00,"2025-09-17",9
"ASR-ENT-TTR Compliance WiFi","reg5","MADURA",100.00,"2025-09-17",9
"ASR-ENT-TTR Compliance WiFi","reg5","MALANG",100.00,"2025-09-17",9
"ASR-ENT-TTR Compliance WiFi","reg5","NTB",85.71,"2025-09-17",9
"ASR-ENT-TTR Compliance WiFi","reg5","NTT",89.29,"2025-09-17",9
"ASR-ENT-TTR Compliance WiFi","reg5","PASURUAN",100.00,"2025-09-17",9
"ASR-ENT-TTR Compliance WiFi","reg5","SIDOARJO",96.15,"2025-09-17",9
"ASR-ENT-TTR Compliance WiFi","reg5","SINGARAJA",100.00,"2025-09-17",9
"ASR-ENT-TTR Compliance WiFi","reg5","SURABAYA SELATAN",100.00,"2025-09-17",9
"ASR-ENT-TTR Compliance WiFi","reg5","SURABAYA UTARA",93.22,"2025-09-17",9
"ASR-WHF-Assurance Guarantee","reg","REGIONAL 01",91.44,"2025-09-17",9
"ASR-WHF-Assurance Guarantee","reg","REGIONAL 02",94.15,"2025-09-17",9
"ASR-WHF-Assurance Guarantee","reg","REGIONAL 03",94.14,"2025-09-17",9
"ASR-WHF-Assurance Guarantee","reg","REGIONAL 04",94.16,"2025-09-17",9
"ASR-WHF-Assurance Guarantee","reg","REGIONAL 05",92.54,"2025-09-17",9
"ASR-WHF-Assurance Guarantee","reg","REGIONAL 06",94.48,"2025-09-17",9
"ASR-WHF-Assurance Guarantee","reg","REGIONAL 07",91.81,"2025-09-17",9
"ASR-WHF-Assurance Guarantee","reg4","KUDUS",93.30,"2025-09-17",9
"ASR-WHF-Assurance Guarantee","reg4","MAGELANG",92.61,"2025-09-17",9
"ASR-WHF-Assurance Guarantee","reg4","PEKALONGAN",95.23,"2025-09-17",9
"ASR-WHF-Assurance Guarantee","reg4","PURWOKERTO",94.65,"2025-09-17",9
"ASR-WHF-Assurance Guarantee","reg4","SEMARANG",93.34,"2025-09-17",9
"ASR-WHF-Assurance Guarantee","reg4","SOLO",95.28,"2025-09-17",9
"ASR-WHF-Assurance Guarantee","reg4","YOGYAKARTA",94.68,"2025-09-17",9
"ASR-WHF-Assurance Guarantee","reg5","DENPASAR",93.73,"2025-09-17",9
"ASR-WHF-Assurance Guarantee","reg5","JEMBER",97.09,"2025-09-17",9
"ASR-WHF-Assurance Guarantee","reg5","KEDIRI",94.96,"2025-09-17",9
"ASR-WHF-Assurance Guarantee","reg5","MADIUN",94.73,"2025-09-17",9
"ASR-WHF-Assurance Guarantee","reg5","MADURA",88.26,"2025-09-17",9
"ASR-WHF-Assurance Guarantee","reg5","MALANG",95.72,"2025-09-17",9
"ASR-WHF-Assurance Guarantee","reg5","NTB",88.05,"2025-09-17",9
"ASR-WHF-Assurance Guarantee","reg5","NTT",87.01,"2025-09-17",9
"ASR-WHF-Assurance Guarantee","reg5","PASURUAN",96.61,"2025-09-17",9
"ASR-WHF-Assurance Guarantee","reg5","SIDOARJO",94.02,"2025-09-17",9
"ASR-WHF-Assurance Guarantee","reg5","SINGARAJA",92.30,"2025-09-17",9
"ASR-WHF-Assurance Guarantee","reg5","SURABAYA SELATAN",93.59,"2025-09-17",9
"ASR-WHF-Assurance Guarantee","reg5","SURABAYA UTARA",93.76,"2025-09-17",9
"ASR-WHF-TTR Comply 3H (D,V)","reg","REGIONAL 01",94.44,"2025-09-17",9
"ASR-WHF-TTR Comply 3H (D,V)","reg","REGIONAL 02",98.26,"2025-09-17",9
"ASR-WHF-TTR Comply 3H (D,V)","reg","REGIONAL 03",100.00,"2025-09-17",9
"ASR-WHF-TTR Comply 3H (D,V)","reg","REGIONAL 04",97.73,"2025-09-17",9
"ASR-WHF-TTR Comply 3H (D,V)","reg","REGIONAL 05",97.73,"2025-09-17",9
"ASR-WHF-TTR Comply 3H (D,V)","reg","REGIONAL 06",97.30,"2025-09-17",9
"ASR-WHF-TTR Comply 3H (D,V)","reg","REGIONAL 07",81.03,"2025-09-17",9
"ASR-WHF-TTR Comply 3H (D,V)","reg4","KUDUS",100.00,"2025-09-17",9
"ASR-WHF-TTR Comply 3H (D,V)","reg4","MAGELANG",100.00,"2025-09-17",9
"ASR-WHF-TTR Comply 3H (D,V)","reg4","PEKALONGAN",100.00,"2025-09-17",9
"ASR-WHF-TTR Comply 3H (D,V)","reg4","PURWOKERTO",100.00,"2025-09-17",9
"ASR-WHF-TTR Comply 3H (D,V)","reg4","SEMARANG",100.00,"2025-09-17",9
"ASR-WHF-TTR Comply 3H (D,V)","reg4","SOLO",95.45,"2025-09-17",9
"ASR-WHF-TTR Comply 3H (D,V)","reg4","YOGYAKARTA",100.00,"2025-09-17",9
"ASR-WHF-TTR Comply 3H (D,V)","reg5","DENPASAR",75.00,"2025-09-17",9
"ASR-WHF-TTR Comply 3H (D,V)","reg5","JEMBER",100.00,"2025-09-17",9
"ASR-WHF-TTR Comply 3H (D,V)","reg5","KEDIRI",100.00,"2025-09-17",9
"ASR-WHF-TTR Comply 3H (D,V)","reg5","MADIUN",100.00,"2025-09-17",9
"ASR-WHF-TTR Comply 3H (D,V)","reg5","MADURA",100.00,"2025-09-17",9
"ASR-WHF-TTR Comply 3H (D,V)","reg5","MALANG",100.00,"2025-09-17",9
"ASR-WHF-TTR Comply 3H (D,V)","reg5","NTB",100.00,"2025-09-17",9
"ASR-WHF-TTR Comply 3H (D,V)","reg5","NTT",100.00,"2025-09-17",9
"ASR-WHF-TTR Comply 3H (D,V)","reg5","PASURUAN",100.00,"2025-09-17",9
"ASR-WHF-TTR Comply 3H (D,V)","reg5","SIDOARJO",100.00,"2025-09-17",9
"ASR-WHF-TTR Comply 3H (D,V)","reg5","SINGARAJA",100.00,"2025-09-17",9
"ASR-WHF-TTR Comply 3H (D,V)","reg5","SURABAYA SELATAN",100.00,"2025-09-17",9
"ASR-WHF-TTR Comply 3H (D,V)","reg5","SURABAYA UTARA",100.00,"2025-09-17",9
"ASR-WHF-TTR Comply 6H (P)","reg","REGIONAL 01",97.46,"2025-09-17",9
"ASR-WHF-TTR Comply 6H (P)","reg","REGIONAL 02",98.56,"2025-09-17",9
"ASR-WHF-TTR Comply 6H (P)","reg","REGIONAL 03",99.48,"2025-09-17",9
"ASR-WHF-TTR Comply 6H (P)","reg","REGIONAL 04",100.00,"2025-09-17",9
"ASR-WHF-TTR Comply 6H (P)","reg","REGIONAL 05",95.35,"2025-09-17",9
"ASR-WHF-TTR Comply 6H (P)","reg","REGIONAL 06",97.82,"2025-09-17",9
"ASR-WHF-TTR Comply 6H (P)","reg","REGIONAL 07",83.44,"2025-09-17",9
"ASR-WHF-TTR Comply 6H (P)","reg4","KUDUS",100.00,"2025-09-17",9
"ASR-WHF-TTR Comply 6H (P)","reg4","MAGELANG",100.00,"2025-09-17",9
"ASR-WHF-TTR Comply 6H (P)","reg4","PEKALONGAN",100.00,"2025-09-17",9
"ASR-WHF-TTR Comply 6H (P)","reg4","PURWOKERTO",100.00,"2025-09-17",9
"ASR-WHF-TTR Comply 6H (P)","reg4","SEMARANG",100.00,"2025-09-17",9
"ASR-WHF-TTR Comply 6H (P)","reg4","SOLO",100.00,"2025-09-17",9
"ASR-WHF-TTR Comply 6H (P)","reg4","YOGYAKARTA",100.00,"2025-09-17",9
"ASR-WHF-TTR Comply 6H (P)","reg5","DENPASAR",88.37,"2025-09-17",9
"ASR-WHF-TTR Comply 6H (P)","reg5","JEMBER",100.00,"2025-09-17",9
"ASR-WHF-TTR Comply 6H (P)","reg5","KEDIRI",100.00,"2025-09-17",9
"ASR-WHF-TTR Comply 6H (P)","reg5","MADIUN",97.14,"2025-09-17",9
"ASR-WHF-TTR Comply 6H (P)","reg5","MADURA",96.15,"2025-09-17",9
"ASR-WHF-TTR Comply 6H (P)","reg5","MALANG",100.00,"2025-09-17",9
"ASR-WHF-TTR Comply 6H (P)","reg5","NTB",95.24,"2025-09-17",9
"ASR-WHF-TTR Comply 6H (P)","reg5","NTT",93.62,"2025-09-17",9
"ASR-WHF-TTR Comply 6H (P)","reg5","PASURUAN",100.00,"2025-09-17",9
"ASR-WHF-TTR Comply 6H (P)","reg5","SIDOARJO",100.00,"2025-09-17",9
"ASR-WHF-TTR Comply 6H (P)","reg5","SINGARAJA",98.15,"2025-09-17",9
"ASR-WHF-TTR Comply 6H (P)","reg5","SURABAYA SELATAN",97.30,"2025-09-17",9
"ASR-WHF-TTR Comply 6H (P)","reg5","SURABAYA UTARA",96.55,"2025-09-17",9
"ASR-WHF-TTR Comply 36H (Non HVC)","reg","REGIONAL 01",98.69,"2025-09-17",9
"ASR-WHF-TTR Comply 36H (Non HVC)","reg","REGIONAL 02",99.64,"2025-09-17",9
"ASR-WHF-TTR Comply 36H (Non HVC)","reg","REGIONAL 03",100.00,"2025-09-17",9
"ASR-WHF-TTR Comply 36H (Non HVC)","reg","REGIONAL 04",99.82,"2025-09-17",9
"ASR-WHF-TTR Comply 36H (Non HVC)","reg","REGIONAL 05",99.05,"2025-09-17",9
"ASR-WHF-TTR Comply 36H (Non HVC)","reg","REGIONAL 06",99.53,"2025-09-17",9
"ASR-WHF-TTR Comply 36H (Non HVC)","reg","REGIONAL 07",94.68,"2025-09-17",9
"ASR-WHF-TTR Comply 36H (Non HVC)","reg4","KUDUS",99.55,"2025-09-17",9
"ASR-WHF-TTR Comply 36H (Non HVC)","reg4","MAGELANG",99.74,"2025-09-17",9
"ASR-WHF-TTR Comply 36H (Non HVC)","reg4","PEKALONGAN",99.91,"2025-09-17",9
"ASR-WHF-TTR Comply 36H (Non HVC)","reg4","PURWOKERTO",99.84,"2025-09-17",9
"ASR-WHF-TTR Comply 36H (Non HVC)","reg4","SEMARANG",100.00,"2025-09-17",9
"ASR-WHF-TTR Comply 36H (Non HVC)","reg4","SOLO",99.69,"2025-09-17",9
"ASR-WHF-TTR Comply 36H (Non HVC)","reg4","YOGYAKARTA",99.88,"2025-09-17",9
"ASR-WHF-TTR Comply 36H (Non HVC)","reg5","DENPASAR",97.41,"2025-09-17",9
"ASR-WHF-TTR Comply 36H (Non HVC)","reg5","JEMBER",100.00,"2025-09-17",9
"ASR-WHF-TTR Comply 36H (Non HVC)","reg5","KEDIRI",100.00,"2025-09-17",9
"ASR-WHF-TTR Comply 36H (Non HVC)","reg5","MADIUN",99.79,"2025-09-17",9
"ASR-WHF-TTR Comply 36H (Non HVC)","reg5","MADURA",100.00,"2025-09-17",9
"ASR-WHF-TTR Comply 36H (Non HVC)","reg5","MALANG",99.89,"2025-09-17",9
"ASR-WHF-TTR Comply 36H (Non HVC)","reg5","NTB",99.93,"2025-09-17",9
"ASR-WHF-TTR Comply 36H (Non HVC)","reg5","NTT",94.44,"2025-09-17",9
"ASR-WHF-TTR Comply 36H (Non HVC)","reg5","PASURUAN",100.00,"2025-09-17",9
"ASR-WHF-TTR Comply 36H (Non HVC)","reg5","SIDOARJO",100.00,"2025-09-17",9
"ASR-WHF-TTR Comply 36H (Non HVC)","reg5","SINGARAJA",98.82,"2025-09-17",9
"ASR-WHF-TTR Comply 36H (Non HVC)","reg5","SURABAYA SELATAN",99.92,"2025-09-17",9
"ASR-WHF-TTR Comply 36H (Non HVC)","reg5","SURABAYA UTARA",99.75,"2025-09-17",9
"ASR-WHF-TTR Comply 3H Manja","reg","REGIONAL 01",97.99,"2025-09-17",9
"ASR-WHF-TTR Comply 3H Manja","reg","REGIONAL 02",98.32,"2025-09-17",9
"ASR-WHF-TTR Comply 3H Manja","reg","REGIONAL 03",99.48,"2025-09-17",9
"ASR-WHF-TTR Comply 3H Manja","reg","REGIONAL 04",99.17,"2025-09-17",9
"ASR-WHF-TTR Comply 3H Manja","reg","REGIONAL 05",97.46,"2025-09-17",9
"ASR-WHF-TTR Comply 3H Manja","reg","REGIONAL 06",97.06,"2025-09-17",9
"ASR-WHF-TTR Comply 3H Manja","reg","REGIONAL 07",96.39,"2025-09-17",9
"ASR-WHF-TTR Comply 3H Manja","reg4","KUDUS",96.98,"2025-09-17",9
"ASR-WHF-TTR Comply 3H Manja","reg4","MAGELANG",100.00,"2025-09-17",9
"ASR-WHF-TTR Comply 3H Manja","reg4","PEKALONGAN",100.00,"2025-09-17",9
"ASR-WHF-TTR Comply 3H Manja","reg4","PURWOKERTO",100.00,"2025-09-17",9
"ASR-WHF-TTR Comply 3H Manja","reg4","SEMARANG",99.45,"2025-09-17",9
"ASR-WHF-TTR Comply 3H Manja","reg4","SOLO",99.47,"2025-09-17",9
"ASR-WHF-TTR Comply 3H Manja","reg4","YOGYAKARTA",100.00,"2025-09-17",9
"ASR-WHF-TTR Comply 3H Manja","reg5","DENPASAR",87.50,"2025-09-17",9
"ASR-WHF-TTR Comply 3H Manja","reg5","JEMBER",100.00,"2025-09-17",9
"ASR-WHF-TTR Comply 3H Manja","reg5","KEDIRI",100.00,"2025-09-17",9
"ASR-WHF-TTR Comply 3H Manja","reg5","MADIUN",98.23,"2025-09-17",9
"ASR-WHF-TTR Comply 3H Manja","reg5","MADURA",100.00,"2025-09-17",9
"ASR-WHF-TTR Comply 3H Manja","reg5","MALANG",98.30,"2025-09-17",9
"ASR-WHF-TTR Comply 3H Manja","reg5","NTB",97.94,"2025-09-17",9
"ASR-WHF-TTR Comply 3H Manja","reg5","NTT",82.52,"2025-09-17",9
"ASR-WHF-TTR Comply 3H Manja","reg5","PASURUAN",100.00,"2025-09-17",9
"ASR-WHF-TTR Comply 3H Manja","reg5","SIDOARJO",99.48,"2025-09-17",9
"ASR-WHF-TTR Comply 3H Manja","reg5","SINGARAJA",99.32,"2025-09-17",9
"ASR-WHF-TTR Comply 3H Manja","reg5","SURABAYA SELATAN",98.50,"2025-09-17",9
"ASR-WHF-TTR Comply 3H Manja","reg5","SURABAYA UTARA",98.73,"2025-09-17",9
"ASR-ENT-Compliance-Time to Recover IndiBiz-4 jam","reg","REGIONAL 01",71.80,"2025-09-17",9
"ASR-ENT-Compliance-Time to Recover IndiBiz-4 jam","reg","REGIONAL 02",65.00,"2025-09-17",9
"ASR-ENT-Compliance-Time to Recover IndiBiz-4 jam","reg","REGIONAL 03",69.30,"2025-09-17",9
"ASR-ENT-Compliance-Time to Recover IndiBiz-4 jam","reg","REGIONAL 04",72.70,"2025-09-17",9
"ASR-ENT-Compliance-Time to Recover IndiBiz-4 jam","reg","REGIONAL 05",57.90,"2025-09-17",9
"ASR-ENT-Compliance-Time to Recover IndiBiz-4 jam","reg","REGIONAL 06",65.90,"2025-09-17",9
"ASR-ENT-Compliance-Time to Recover IndiBiz-4 jam","reg","REGIONAL 07",38.20,"2025-09-17",9
"ASR-ENT-Compliance-Time to Recover IndiBiz-4 jam","reg4","KUDUS",67.20,"2025-09-17",9
"ASR-ENT-Compliance-Time to Recover IndiBiz-4 jam","reg4","MAGELANG",89.50,"2025-09-17",9
"ASR-ENT-Compliance-Time to Recover IndiBiz-4 jam","reg4","PEKALONGAN",64.90,"2025-09-17",9
"ASR-ENT-Compliance-Time to Recover IndiBiz-4 jam","reg4","PURWOKERTO",73.60,"2025-09-17",9
"ASR-ENT-Compliance-Time to Recover IndiBiz-4 jam","reg4","SEMARANG",77.10,"2025-09-17",9
"ASR-ENT-Compliance-Time to Recover IndiBiz-4 jam","reg4","SOLO",76.10,"2025-09-17",9
"ASR-ENT-Compliance-Time to Recover IndiBiz-4 jam","reg4","YOGYAKARTA",65.40,"2025-09-17",9
"ASR-ENT-Compliance-Time to Recover IndiBiz-4 jam","reg5","DENPASAR",46.40,"2025-09-17",9
"ASR-ENT-Compliance-Time to Recover IndiBiz-4 jam","reg5","JEMBER",96.90,"2025-09-17",9
"ASR-ENT-Compliance-Time to Recover IndiBiz-4 jam","reg5","KEDIRI",69.80,"2025-09-17",9
"ASR-ENT-Compliance-Time to Recover IndiBiz-4 jam","reg5","MADIUN",77.50,"2025-09-17",9
"ASR-ENT-Compliance-Time to Recover IndiBiz-4 jam","reg5","MADURA",66.00,"2025-09-17",9
"ASR-ENT-Compliance-Time to Recover IndiBiz-4 jam","reg5","MALANG",87.50,"2025-09-17",9
"ASR-ENT-Compliance-Time to Recover IndiBiz-4 jam","reg5","NTB",66.00,"2025-09-17",9
"ASR-ENT-Compliance-Time to Recover IndiBiz-4 jam","reg5","NTT",47.90,"2025-09-17",9
"ASR-ENT-Compliance-Time to Recover IndiBiz-4 jam","reg5","PASURUAN",96.30,"2025-09-17",9
"ASR-ENT-Compliance-Time to Recover IndiBiz-4 jam","reg5","SIDOARJO",81.80,"2025-09-17",9
"ASR-ENT-Compliance-Time to Recover IndiBiz-4 jam","reg5","SINGARAJA",34.80,"2025-09-17",9
"ASR-ENT-Compliance-Time to Recover IndiBiz-4 jam","reg5","SURABAYA SELATAN",52.80,"2025-09-17",9
"ASR-ENT-Compliance-Time to Recover IndiBiz-4 jam","reg5","SURABAYA UTARA",50.80,"2025-09-17",9
"ASR-ENT-Compliance-Time to Recover IndiBiz-24 jam","reg","REGIONAL 01",98.10,"2025-09-17",9
"ASR-ENT-Compliance-Time to Recover IndiBiz-24 jam","reg","REGIONAL 02",95.70,"2025-09-17",9
"ASR-ENT-Compliance-Time to Recover IndiBiz-24 jam","reg","REGIONAL 03",98.30,"2025-09-17",9
"ASR-ENT-Compliance-Time to Recover IndiBiz-24 jam","reg","REGIONAL 04",96.70,"2025-09-17",9
"ASR-ENT-Compliance-Time to Recover IndiBiz-24 jam","reg","REGIONAL 05",92.10,"2025-09-17",9
"ASR-ENT-Compliance-Time to Recover IndiBiz-24 jam","reg","REGIONAL 06",94.60,"2025-09-17",9
"ASR-ENT-Compliance-Time to Recover IndiBiz-24 jam","reg","REGIONAL 07",78.10,"2025-09-17",9
"ASR-ENT-Compliance-Time to Recover IndiBiz-24 jam","reg4","KUDUS",93.90,"2025-09-17",9
"ASR-ENT-Compliance-Time to Recover IndiBiz-24 jam","reg4","MAGELANG",99.00,"2025-09-17",9
"ASR-ENT-Compliance-Time to Recover IndiBiz-24 jam","reg4","PEKALONGAN",96.00,"2025-09-17",9
"ASR-ENT-Compliance-Time to Recover IndiBiz-24 jam","reg4","PURWOKERTO",98.60,"2025-09-17",9
"ASR-ENT-Compliance-Time to Recover IndiBiz-24 jam","reg4","SEMARANG",97.10,"2025-09-17",9
"ASR-ENT-Compliance-Time to Recover IndiBiz-24 jam","reg4","SOLO",98.10,"2025-09-17",9
"ASR-ENT-Compliance-Time to Recover IndiBiz-24 jam","reg4","YOGYAKARTA",95.60,"2025-09-17",9
"ASR-ENT-Compliance-Time to Recover IndiBiz-24 jam","reg5","DENPASAR",85.80,"2025-09-17",9
"ASR-ENT-Compliance-Time to Recover IndiBiz-24 jam","reg5","JEMBER",100.00,"2025-09-17",9
"ASR-ENT-Compliance-Time to Recover IndiBiz-24 jam","reg5","KEDIRI",100.00,"2025-09-17",9
"ASR-ENT-Compliance-Time to Recover IndiBiz-24 jam","reg5","MADIUN",98.80,"2025-09-17",9
"ASR-ENT-Compliance-Time to Recover IndiBiz-24 jam","reg5","MADURA",98.00,"2025-09-17",9
"ASR-ENT-Compliance-Time to Recover IndiBiz-24 jam","reg5","MALANG",98.40,"2025-09-17",9
"ASR-ENT-Compliance-Time to Recover IndiBiz-24 jam","reg5","NTB",96.90,"2025-09-17",9
"ASR-ENT-Compliance-Time to Recover IndiBiz-24 jam","reg5","NTT",80.00,"2025-09-17",9
"ASR-ENT-Compliance-Time to Recover IndiBiz-24 jam","reg5","PASURUAN",100.00,"2025-09-17",9
"ASR-ENT-Compliance-Time to Recover IndiBiz-24 jam","reg5","SIDOARJO",99.40,"2025-09-17",9
"ASR-ENT-Compliance-Time to Recover IndiBiz-24 jam","reg5","SINGARAJA",80.70,"2025-09-17",9
"ASR-ENT-Compliance-Time to Recover IndiBiz-24 jam","reg5","SURABAYA SELATAN",99.20,"2025-09-17",9
"ASR-ENT-Compliance-Time to Recover IndiBiz-24 jam","reg5","SURABAYA UTARA",96.40,"2025-09-17",9
"ASR-ENT-Compliance-Time to Recover IndiHome Reseller-6 jam","reg","REGIONAL 01",86.40,"2025-09-17",9
"ASR-ENT-Compliance-Time to Recover IndiHome Reseller-6 jam","reg","REGIONAL 02",82.00,"2025-09-17",9
"ASR-ENT-Compliance-Time to Recover IndiHome Reseller-6 jam","reg","REGIONAL 03",85.40,"2025-09-17",9
"ASR-ENT-Compliance-Time to Recover IndiHome Reseller-6 jam","reg","REGIONAL 04",86.40,"2025-09-17",9
"ASR-ENT-Compliance-Time to Recover IndiHome Reseller-6 jam","reg","REGIONAL 05",68.30,"2025-09-17",9
"ASR-ENT-Compliance-Time to Recover IndiHome Reseller-6 jam","reg","REGIONAL 06",83.60,"2025-09-17",9
"ASR-ENT-Compliance-Time to Recover IndiHome Reseller-6 jam","reg","REGIONAL 07",49.40,"2025-09-17",9
"ASR-ENT-Compliance-Time to Recover IndiHome Reseller-6 jam","reg4","KUDUS",79.40,"2025-09-17",9
"ASR-ENT-Compliance-Time to Recover IndiHome Reseller-6 jam","reg4","MAGELANG",100.00,"2025-09-17",9
"ASR-ENT-Compliance-Time to Recover IndiHome Reseller-6 jam","reg4","PEKALONGAN",81.60,"2025-09-17",9
"ASR-ENT-Compliance-Time to Recover IndiHome Reseller-6 jam","reg4","PURWOKERTO",73.30,"2025-09-17",9
"ASR-ENT-Compliance-Time to Recover IndiHome Reseller-6 jam","reg4","SEMARANG",92.60,"2025-09-17",9
"ASR-ENT-Compliance-Time to Recover IndiHome Reseller-6 jam","reg4","SOLO",94.10,"2025-09-17",9
"ASR-ENT-Compliance-Time to Recover IndiHome Reseller-6 jam","reg4","YOGYAKARTA",74.70,"2025-09-17",9
"ASR-ENT-Compliance-Time to Recover IndiHome Reseller-6 jam","reg5","DENPASAR",54.90,"2025-09-17",9
"ASR-ENT-Compliance-Time to Recover IndiHome Reseller-6 jam","reg5","JEMBER",100.00,"2025-09-17",9
"ASR-ENT-Compliance-Time to Recover IndiHome Reseller-6 jam","reg5","KEDIRI",81.80,"2025-09-17",9
"ASR-ENT-Compliance-Time to Recover IndiHome Reseller-6 jam","reg5","MADIUN",95.50,"2025-09-17",9
"ASR-ENT-Compliance-Time to Recover IndiHome Reseller-6 jam","reg5","MADURA",85.70,"2025-09-17",9
"ASR-ENT-Compliance-Time to Recover IndiHome Reseller-6 jam","reg5","MALANG",85.70,"2025-09-17",9
"ASR-ENT-Compliance-Time to Recover IndiHome Reseller-6 jam","reg5","NTB",81.00,"2025-09-17",9
"ASR-ENT-Compliance-Time to Recover IndiHome Reseller-6 jam","reg5","NTT",54.50,"2025-09-17",9
"ASR-ENT-Compliance-Time to Recover IndiHome Reseller-6 jam","reg5","PASURUAN",100.00,"2025-09-17",9
"ASR-ENT-Compliance-Time to Recover IndiHome Reseller-6 jam","reg5","SIDOARJO",83.10,"2025-09-17",9
"ASR-ENT-Compliance-Time to Recover IndiHome Reseller-6 jam","reg5","SINGARAJA",27.50,"2025-09-17",9
"ASR-ENT-Compliance-Time to Recover IndiHome Reseller-6 jam","reg5","SURABAYA SELATAN",84.80,"2025-09-17",9
"ASR-ENT-Compliance-Time to Recover IndiHome Reseller-6 jam","reg5","SURABAYA UTARA",71.90,"2025-09-17",9
"ASR-ENT-Compliance-Time to Recover IndiHome Reseller-36 jam","reg","REGIONAL 01",97.80,"2025-09-17",9
"ASR-ENT-Compliance-Time to Recover IndiHome Reseller-36 jam","reg","REGIONAL 02",96.50,"2025-09-17",9
"ASR-ENT-Compliance-Time to Recover IndiHome Reseller-36 jam","reg","REGIONAL 03",97.70,"2025-09-17",9
"ASR-ENT-Compliance-Time to Recover IndiHome Reseller-36 jam","reg","REGIONAL 04",98.70,"2025-09-17",9
"ASR-ENT-Compliance-Time to Recover IndiHome Reseller-36 jam","reg","REGIONAL 05",95.60,"2025-09-17",9
"ASR-ENT-Compliance-Time to Recover IndiHome Reseller-36 jam","reg","REGIONAL 06",97.90,"2025-09-17",9
"ASR-ENT-Compliance-Time to Recover IndiHome Reseller-36 jam","reg","REGIONAL 07",86.10,"2025-09-17",9
"ASR-ENT-Compliance-Time to Recover IndiHome Reseller-36 jam","reg4","KUDUS",97.10,"2025-09-17",9
"ASR-ENT-Compliance-Time to Recover IndiHome Reseller-36 jam","reg4","MAGELANG",100.00,"2025-09-17",9
"ASR-ENT-Compliance-Time to Recover IndiHome Reseller-36 jam","reg4","PEKALONGAN",100.00,"2025-09-17",9
"ASR-ENT-Compliance-Time to Recover IndiHome Reseller-36 jam","reg4","PURWOKERTO",96.70,"2025-09-17",9
"ASR-ENT-Compliance-Time to Recover IndiHome Reseller-36 jam","reg4","SEMARANG",100.00,"2025-09-17",9
"ASR-ENT-Compliance-Time to Recover IndiHome Reseller-36 jam","reg4","SOLO",98.50,"2025-09-17",9
"ASR-ENT-Compliance-Time to Recover IndiHome Reseller-36 jam","reg4","YOGYAKARTA",96.80,"2025-09-17",9
"ASR-ENT-Compliance-Time to Recover IndiHome Reseller-36 jam","reg5","DENPASAR",92.00,"2025-09-17",9
"ASR-ENT-Compliance-Time to Recover IndiHome Reseller-36 jam","reg5","JEMBER",100.00,"2025-09-17",9
"ASR-ENT-Compliance-Time to Recover IndiHome Reseller-36 jam","reg5","KEDIRI",100.00,"2025-09-17",9
"ASR-ENT-Compliance-Time to Recover IndiHome Reseller-36 jam","reg5","MADIUN",100.00,"2025-09-17",9
"ASR-ENT-Compliance-Time to Recover IndiHome Reseller-36 jam","reg5","MADURA",100.00,"2025-09-17",9
"ASR-ENT-Compliance-Time to Recover IndiHome Reseller-36 jam","reg5","MALANG",100.00,"2025-09-17",9
"ASR-ENT-Compliance-Time to Recover IndiHome Reseller-36 jam","reg5","NTB",100.00,"2025-09-17",9
"ASR-ENT-Compliance-Time to Recover IndiHome Reseller-36 jam","reg5","NTT",95.50,"2025-09-17",9
"ASR-ENT-Compliance-Time to Recover IndiHome Reseller-36 jam","reg5","PASURUAN",100.00,"2025-09-17",9
"ASR-ENT-Compliance-Time to Recover IndiHome Reseller-36 jam","reg5","SIDOARJO",100.00,"2025-09-17",9
"ASR-ENT-Compliance-Time to Recover IndiHome Reseller-36 jam","reg5","SINGARAJA",82.40,"2025-09-17",9
"ASR-ENT-Compliance-Time to Recover IndiHome Reseller-36 jam","reg5","SURABAYA SELATAN",100.00,"2025-09-17",9
"ASR-ENT-Compliance-Time to Recover IndiHome Reseller-36 jam","reg5","SURABAYA UTARA",97.40,"2025-09-17",9
"ASR-ENT-MTTR DWDM","reg","REGIONAL 01",,"2025-09-17",9
"ASR-ENT-MTTR DWDM","reg","REGIONAL 02",1.57,"2025-09-17",9
"ASR-ENT-MTTR DWDM","reg","REGIONAL 03",,"2025-09-17",9
"ASR-ENT-MTTR DWDM","reg","REGIONAL 04",,"2025-09-17",9
"ASR-ENT-MTTR DWDM","reg","REGIONAL 05",3.98,"2025-09-17",9
"ASR-ENT-MTTR DWDM","reg","REGIONAL 06",,"2025-09-17",9
"ASR-ENT-MTTR DWDM","reg","REGIONAL 07",,"2025-09-17",9
"ASR-ENT-MTTR DWDM","reg4","KUDUS",,"2025-09-17",9
"ASR-ENT-MTTR DWDM","reg4","MAGELANG",,"2025-09-17",9
"ASR-ENT-MTTR DWDM","reg4","PEKALONGAN",,"2025-09-17",9
"ASR-ENT-MTTR DWDM","reg4","PURWOKERTO",,"2025-09-17",9
"ASR-ENT-MTTR DWDM","reg4","SEMARANG",,"2025-09-17",9
"ASR-ENT-MTTR DWDM","reg4","SOLO",,"2025-09-17",9
"ASR-ENT-MTTR DWDM","reg4","YOGYAKARTA",,"2025-09-17",9
"ASR-ENT-MTTR DWDM","reg5","DENPASAR",,"2025-09-17",9
"ASR-ENT-MTTR DWDM","reg5","JEMBER",,"2025-09-17",9
"ASR-ENT-MTTR DWDM","reg5","KEDIRI",,"2025-09-17",9
"ASR-ENT-MTTR DWDM","reg5","MADIUN",,"2025-09-17",9
"ASR-ENT-MTTR DWDM","reg5","MADURA",,"2025-09-17",9
"ASR-ENT-MTTR DWDM","reg5","MALANG",,"2025-09-17",9
"ASR-ENT-MTTR DWDM","reg5","NTB",,"2025-09-17",9
"ASR-ENT-MTTR DWDM","reg5","NTT",,"2025-09-17",9
"ASR-ENT-MTTR DWDM","reg5","PASURUAN",,"2025-09-17",9
"ASR-ENT-MTTR DWDM","reg5","SIDOARJO",,"2025-09-17",9
"ASR-ENT-MTTR DWDM","reg5","SINGARAJA",3.98,"2025-09-17",9
"ASR-ENT-MTTR DWDM","reg5","SURABAYA SELATAN",,"2025-09-17",9
"ASR-ENT-MTTR DWDM","reg5","SURABAYA UTARA",,"2025-09-17",9
"ASR-ENT-MTTR SIP TRUNK","reg","REGIONAL 01",7.20,"2025-09-17",9
"ASR-ENT-MTTR SIP TRUNK","reg","REGIONAL 02",8.43,"2025-09-17",9
"ASR-ENT-MTTR SIP TRUNK","reg","REGIONAL 03",2.33,"2025-09-17",9
"ASR-ENT-MTTR SIP TRUNK","reg","REGIONAL 04",3.68,"2025-09-17",9
"ASR-ENT-MTTR SIP TRUNK","reg","REGIONAL 05",8.52,"2025-09-17",9
"ASR-ENT-MTTR SIP TRUNK","reg","REGIONAL 06",3.86,"2025-09-17",9
"ASR-ENT-MTTR SIP TRUNK","reg","REGIONAL 07",,"2025-09-17",9
"ASR-ENT-MTTR SIP TRUNK","reg4","KUDUS",,"2025-09-17",9
"ASR-ENT-MTTR SIP TRUNK","reg4","MAGELANG",,"2025-09-17",9
"ASR-ENT-MTTR SIP TRUNK","reg4","PEKALONGAN",,"2025-09-17",9
"ASR-ENT-MTTR SIP TRUNK","reg4","PURWOKERTO",,"2025-09-17",9
"ASR-ENT-MTTR SIP TRUNK","reg4","SEMARANG",3.68,"2025-09-17",9
"ASR-ENT-MTTR SIP TRUNK","reg4","SOLO",,"2025-09-17",9
"ASR-ENT-MTTR SIP TRUNK","reg4","YOGYAKARTA",,"2025-09-17",9
"ASR-ENT-MTTR SIP TRUNK","reg5","DENPASAR",0.86,"2025-09-17",9
"ASR-ENT-MTTR SIP TRUNK","reg5","JEMBER",,"2025-09-17",9
"ASR-ENT-MTTR SIP TRUNK","reg5","KEDIRI",,"2025-09-17",9
"ASR-ENT-MTTR SIP TRUNK","reg5","MADIUN",,"2025-09-17",9
"ASR-ENT-MTTR SIP TRUNK","reg5","MADURA",,"2025-09-17",9
"ASR-ENT-MTTR SIP TRUNK","reg5","MALANG",,"2025-09-17",9
"ASR-ENT-MTTR SIP TRUNK","reg5","NTB",,"2025-09-17",9
"ASR-ENT-MTTR SIP TRUNK","reg5","NTT",14.33,"2025-09-17",9
"ASR-ENT-MTTR SIP TRUNK","reg5","PASURUAN",,"2025-09-17",9
"ASR-ENT-MTTR SIP TRUNK","reg5","SIDOARJO",,"2025-09-17",9
"ASR-ENT-MTTR SIP TRUNK","reg5","SINGARAJA",6.26,"2025-09-17",9
"ASR-ENT-MTTR SIP TRUNK","reg5","SURABAYA SELATAN",,"2025-09-17",9
"ASR-ENT-MTTR SIP TRUNK","reg5","SURABAYA UTARA",14.91,"2025-09-17",9
"ONM-ENT-WiFi Revitalization","reg","REGIONAL 01",78.00,"2025-09-17",9
"ONM-ENT-WiFi Revitalization","reg","REGIONAL 02",69.23,"2025-09-17",9
"ONM-ENT-WiFi Revitalization","reg","REGIONAL 03",100.00,"2025-09-17",9
"ONM-ENT-WiFi Revitalization","reg","REGIONAL 04",100.00,"2025-09-17",9
"ONM-ENT-WiFi Revitalization","reg","REGIONAL 05",87.50,"2025-09-17",9
"ONM-ENT-WiFi Revitalization","reg","REGIONAL 06",90.91,"2025-09-17",9
"ONM-ENT-WiFi Revitalization","reg","REGIONAL 07",69.23,"2025-09-17",9
"ONM-ENT-WiFi Revitalization","reg4","KUDUS",,"2025-09-17",9
"ONM-ENT-WiFi Revitalization","reg4","MAGELANG",100.00,"2025-09-17",9
"ONM-ENT-WiFi Revitalization","reg4","PEKALONGAN",,"2025-09-17",9
"ONM-ENT-WiFi Revitalization","reg4","PURWOKERTO",100.00,"2025-09-17",9
"ONM-ENT-WiFi Revitalization","reg4","SEMARANG",,"2025-09-17",9
"ONM-ENT-WiFi Revitalization","reg4","SOLO",100.00,"2025-09-17",9
"ONM-ENT-WiFi Revitalization","reg4","YOGYAKARTA",100.00,"2025-09-17",9
"ONM-ENT-WiFi Revitalization","reg5","DENPASAR",91.67,"2025-09-17",9
"ONM-ENT-WiFi Revitalization","reg5","JEMBER",100.00,"2025-09-17",9
"ONM-ENT-WiFi Revitalization","reg5","KEDIRI",,"2025-09-17",9
"ONM-ENT-WiFi Revitalization","reg5","MADIUN",,"2025-09-17",9
"ONM-ENT-WiFi Revitalization","reg5","MADURA",,"2025-09-17",9
"ONM-ENT-WiFi Revitalization","reg5","MALANG",,"2025-09-17",9
"ONM-ENT-WiFi Revitalization","reg5","NTB",100.00,"2025-09-17",9
"ONM-ENT-WiFi Revitalization","reg5","NTT",44.44,"2025-09-17",9
"ONM-ENT-WiFi Revitalization","reg5","PASURUAN",100.00,"2025-09-17",9
"ONM-ENT-WiFi Revitalization","reg5","SIDOARJO",100.00,"2025-09-17",9
"ONM-ENT-WiFi Revitalization","reg5","SINGARAJA",,"2025-09-17",9
"ONM-ENT-WiFi Revitalization","reg5","SURABAYA SELATAN",100.00,"2025-09-17",9
"ONM-ENT-WiFi Revitalization","reg5","SURABAYA UTARA",100.00,"2025-09-17",9
"FFM-ENT-Fulfillment Guarantee Non HSI","reg","REGIONAL 01",96.19,"2025-09-17",9
"FFM-ENT-Fulfillment Guarantee Non HSI","reg","REGIONAL 02",97.66,"2025-09-17",9
"FFM-ENT-Fulfillment Guarantee Non HSI","reg","REGIONAL 03",98.04,"2025-09-17",9
"FFM-ENT-Fulfillment Guarantee Non HSI","reg","REGIONAL 04",100.00,"2025-09-17",9
"FFM-ENT-Fulfillment Guarantee Non HSI","reg","REGIONAL 05",100.00,"2025-09-17",9
"FFM-ENT-Fulfillment Guarantee Non HSI","reg","REGIONAL 06",97.58,"2025-09-17",9
"FFM-ENT-Fulfillment Guarantee Non HSI","reg","REGIONAL 07",97.58,"2025-09-17",9
"FFM-ENT-Fulfillment Guarantee Non HSI","reg4","KUDUS",100.00,"2025-09-17",9
"FFM-ENT-Fulfillment Guarantee Non HSI","reg4","MAGELANG",100.00,"2025-09-17",9
"FFM-ENT-Fulfillment Guarantee Non HSI","reg4","PEKALONGAN",100.00,"2025-09-17",9
"FFM-ENT-Fulfillment Guarantee Non HSI","reg4","PURWOKERTO",100.00,"2025-09-17",9
"FFM-ENT-Fulfillment Guarantee Non HSI","reg4","SEMARANG",100.00,"2025-09-17",9
"FFM-ENT-Fulfillment Guarantee Non HSI","reg4","SOLO",100.00,"2025-09-17",9
"FFM-ENT-Fulfillment Guarantee Non HSI","reg4","YOGYAKARTA",100.00,"2025-09-17",9
"FFM-ENT-Fulfillment Guarantee Non HSI","reg5","DENPASAR",100.00,"2025-09-17",9
"FFM-ENT-Fulfillment Guarantee Non HSI","reg5","JEMBER",100.00,"2025-09-17",9
"FFM-ENT-Fulfillment Guarantee Non HSI","reg5","KEDIRI",100.00,"2025-09-17",9
"FFM-ENT-Fulfillment Guarantee Non HSI","reg5","MADIUN",100.00,"2025-09-17",9
"FFM-ENT-Fulfillment Guarantee Non HSI","reg5","MADURA",100.00,"2025-09-17",9
"FFM-ENT-Fulfillment Guarantee Non HSI","reg5","MALANG",100.00,"2025-09-17",9
"FFM-ENT-Fulfillment Guarantee Non HSI","reg5","NTB",100.00,"2025-09-17",9
"FFM-ENT-Fulfillment Guarantee Non HSI","reg5","NTT",100.00,"2025-09-17",9
"FFM-ENT-Fulfillment Guarantee Non HSI","reg5","PASURUAN",100.00,"2025-09-17",9
"FFM-ENT-Fulfillment Guarantee Non HSI","reg5","SIDOARJO",100.00,"2025-09-17",9
"FFM-ENT-Fulfillment Guarantee Non HSI","reg5","SINGARAJA",100.00,"2025-09-17",9
"FFM-ENT-Fulfillment Guarantee Non HSI","reg5","SURABAYA SELATAN",100.00,"2025-09-17",9
"FFM-ENT-Fulfillment Guarantee Non HSI","reg5","SURABAYA UTARA",100.00,"2025-09-17",9
"FFM-ENT-TTD Compliance Non HSI","reg","REGIONAL 01",92.50,"2025-09-17",9
"FFM-ENT-TTD Compliance Non HSI","reg","REGIONAL 02",99.13,"2025-09-17",9
"FFM-ENT-TTD Compliance Non HSI","reg","REGIONAL 03",92.59,"2025-09-17",9
"FFM-ENT-TTD Compliance Non HSI","reg","REGIONAL 04",83.33,"2025-09-17",9
"FFM-ENT-TTD Compliance Non HSI","reg","REGIONAL 05",96.88,"2025-09-17",9
"FFM-ENT-TTD Compliance Non HSI","reg","REGIONAL 06",100.00,"2025-09-17",9
"FFM-ENT-TTD Compliance Non HSI","reg","REGIONAL 07",85.37,"2025-09-17",9
"FFM-ENT-TTD Compliance Non HSI","reg4","KUDUS",100.00,"2025-09-17",9
"FFM-ENT-TTD Compliance Non HSI","reg4","MAGELANG",0.00,"2025-09-17",9
"FFM-ENT-TTD Compliance Non HSI","reg4","PEKALONGAN",100.00,"2025-09-17",9
"FFM-ENT-TTD Compliance Non HSI","reg4","PURWOKERTO",33.33,"2025-09-17",9
"FFM-ENT-TTD Compliance Non HSI","reg4","SEMARANG",90.00,"2025-09-17",9
"FFM-ENT-TTD Compliance Non HSI","reg4","SOLO",100.00,"2025-09-17",9
"FFM-ENT-TTD Compliance Non HSI","reg4","YOGYAKARTA",83.33,"2025-09-17",9
"FFM-ENT-TTD Compliance Non HSI","reg5","DENPASAR",100.00,"2025-09-17",9
"FFM-ENT-TTD Compliance Non HSI","reg5","JEMBER",100.00,"2025-09-17",9
"FFM-ENT-TTD Compliance Non HSI","reg5","KEDIRI",66.67,"2025-09-17",9
"FFM-ENT-TTD Compliance Non HSI","reg5","MADIUN",100.00,"2025-09-17",9
"FFM-ENT-TTD Compliance Non HSI","reg5","MADURA",100.00,"2025-09-17",9
"FFM-ENT-TTD Compliance Non HSI","reg5","MALANG",100.00,"2025-09-17",9
"FFM-ENT-TTD Compliance Non HSI","reg5","NTB",100.00,"2025-09-17",9
"FFM-ENT-TTD Compliance Non HSI","reg5","NTT",100.00,"2025-09-17",9
"FFM-ENT-TTD Compliance Non HSI","reg5","PASURUAN",50.00,"2025-09-17",9
"FFM-ENT-TTD Compliance Non HSI","reg5","SIDOARJO",100.00,"2025-09-17",9
"FFM-ENT-TTD Compliance Non HSI","reg5","SINGARAJA",100.00,"2025-09-17",9
"FFM-ENT-TTD Compliance Non HSI","reg5","SURABAYA SELATAN",100.00,"2025-09-17",9
"FFM-ENT-TTD Compliance Non HSI","reg5","SURABAYA UTARA",100.00,"2025-09-17",9
"FFM-ENT-TTR Fulfillment Guarantee 3 Jam Non HSI","reg","REGIONAL 01",100.00,"2025-09-17",9
"FFM-ENT-TTR Fulfillment Guarantee 3 Jam Non HSI","reg","REGIONAL 02",100.00,"2025-09-17",9
"FFM-ENT-TTR Fulfillment Guarantee 3 Jam Non HSI","reg","REGIONAL 03",100.00,"2025-09-17",9
"FFM-ENT-TTR Fulfillment Guarantee 3 Jam Non HSI","reg","REGIONAL 04",100.00,"2025-09-17",9
"FFM-ENT-TTR Fulfillment Guarantee 3 Jam Non HSI","reg","REGIONAL 05",100.00,"2025-09-17",9
"FFM-ENT-TTR Fulfillment Guarantee 3 Jam Non HSI","reg","REGIONAL 06",100.00,"2025-09-17",9
"FFM-ENT-TTR Fulfillment Guarantee 3 Jam Non HSI","reg","REGIONAL 07",66.67,"2025-09-17",9
"FFM-ENT-TTR Fulfillment Guarantee 3 Jam Non HSI","reg4","KUDUS",100.00,"2025-09-17",9
"FFM-ENT-TTR Fulfillment Guarantee 3 Jam Non HSI","reg4","MAGELANG",100.00,"2025-09-17",9
"FFM-ENT-TTR Fulfillment Guarantee 3 Jam Non HSI","reg4","PEKALONGAN",100.00,"2025-09-17",9
"FFM-ENT-TTR Fulfillment Guarantee 3 Jam Non HSI","reg4","PURWOKERTO",100.00,"2025-09-17",9
"FFM-ENT-TTR Fulfillment Guarantee 3 Jam Non HSI","reg4","SEMARANG",100.00,"2025-09-17",9
"FFM-ENT-TTR Fulfillment Guarantee 3 Jam Non HSI","reg4","SOLO",100.00,"2025-09-17",9
"FFM-ENT-TTR Fulfillment Guarantee 3 Jam Non HSI","reg4","YOGYAKARTA",100.00,"2025-09-17",9
"FFM-ENT-TTR Fulfillment Guarantee 3 Jam Non HSI","reg5","DENPASAR",100.00,"2025-09-17",9
"FFM-ENT-TTR Fulfillment Guarantee 3 Jam Non HSI","reg5","JEMBER",100.00,"2025-09-17",9
"FFM-ENT-TTR Fulfillment Guarantee 3 Jam Non HSI","reg5","KEDIRI",100.00,"2025-09-17",9
"FFM-ENT-TTR Fulfillment Guarantee 3 Jam Non HSI","reg5","MADIUN",100.00,"2025-09-17",9
"FFM-ENT-TTR Fulfillment Guarantee 3 Jam Non HSI","reg5","MADURA",100.00,"2025-09-17",9
"FFM-ENT-TTR Fulfillment Guarantee 3 Jam Non HSI","reg5","MALANG",100.00,"2025-09-17",9
"FFM-ENT-TTR Fulfillment Guarantee 3 Jam Non HSI","reg5","NTB",100.00,"2025-09-17",9
"FFM-ENT-TTR Fulfillment Guarantee 3 Jam Non HSI","reg5","NTT",100.00,"2025-09-17",9
"FFM-ENT-TTR Fulfillment Guarantee 3 Jam Non HSI","reg5","PASURUAN",100.00,"2025-09-17",9
"FFM-ENT-TTR Fulfillment Guarantee 3 Jam Non HSI","reg5","SIDOARJO",100.00,"2025-09-17",9
"FFM-ENT-TTR Fulfillment Guarantee 3 Jam Non HSI","reg5","SINGARAJA",100.00,"2025-09-17",9
"FFM-ENT-TTR Fulfillment Guarantee 3 Jam Non HSI","reg5","SURABAYA SELATAN",100.00,"2025-09-17",9
"FFM-ENT-TTR Fulfillment Guarantee 3 Jam Non HSI","reg5","SURABAYA UTARA",100.00,"2025-09-17",9
"ONM-ALL-Service Availability-WiFi","reg","REGIONAL 01",99.55,"2025-09-17",9
"ONM-ALL-Service Availability-WiFi","reg","REGIONAL 02",97.36,"2025-09-17",9
"ONM-ALL-Service Availability-WiFi","reg","REGIONAL 03",98.67,"2025-09-17",9
"ONM-ALL-Service Availability-WiFi","reg","REGIONAL 04",97.15,"2025-09-17",9
"ONM-ALL-Service Availability-WiFi","reg","REGIONAL 05",97.03,"2025-09-17",9
"ONM-ALL-Service Availability-WiFi","reg","REGIONAL 06",95.88,"2025-09-17",9
"ONM-ALL-Service Availability-WiFi","reg","REGIONAL 07",99.15,"2025-09-17",9
"ONM-ALL-Service Availability-WiFi","reg4","KUDUS",97.49,"2025-09-17",9
"ONM-ALL-Service Availability-WiFi","reg4","MAGELANG",96.76,"2025-09-17",9
"ONM-ALL-Service Availability-WiFi","reg4","PEKALONGAN",97.60,"2025-09-17",9
"ONM-ALL-Service Availability-WiFi","reg4","PURWOKERTO",97.59,"2025-09-17",9
"ONM-ALL-Service Availability-WiFi","reg4","SEMARANG",97.81,"2025-09-17",9
"ONM-ALL-Service Availability-WiFi","reg4","SOLO",98.13,"2025-09-17",9
"ONM-ALL-Service Availability-WiFi","reg4","YOGYAKARTA",96.06,"2025-09-17",9
"ONM-ALL-Service Availability-WiFi","reg5","DENPASAR",93.60,"2025-09-17",9
"ONM-ALL-Service Availability-WiFi","reg5","JEMBER",99.67,"2025-09-17",9
"ONM-ALL-Service Availability-WiFi","reg5","KEDIRI",98.52,"2025-09-17",9
"ONM-ALL-Service Availability-WiFi","reg5","MADIUN",99.31,"2025-09-17",9
"ONM-ALL-Service Availability-WiFi","reg5","MADURA",99.41,"2025-09-17",9
"ONM-ALL-Service Availability-WiFi","reg5","MALANG",99.43,"2025-09-17",9
"ONM-ALL-Service Availability-WiFi","reg5","NTB",94.89,"2025-09-17",9
"ONM-ALL-Service Availability-WiFi","reg5","NTT",97.49,"2025-09-17",9
"ONM-ALL-Service Availability-WiFi","reg5","PASURUAN",98.45,"2025-09-17",9
"ONM-ALL-Service Availability-WiFi","reg5","SIDOARJO",98.85,"2025-09-17",9
"ONM-ALL-Service Availability-WiFi","reg5","SINGARAJA",97.87,"2025-09-17",9
"ONM-ALL-Service Availability-WiFi","reg5","SURABAYA SELATAN",96.26,"2025-09-17",9
"ONM-ALL-Service Availability-WiFi","reg5","SURABAYA UTARA",97.13,"2025-09-17",9
"FFM-ENT-Underspec Warranty Guarantee HSI","reg","REGIONAL 01",99.21,"2025-09-17",9
"FFM-ENT-Underspec Warranty Guarantee HSI","reg","REGIONAL 02",99.60,"2025-09-17",9
"FFM-ENT-Underspec Warranty Guarantee HSI","reg","REGIONAL 03",99.69,"2025-09-17",9
"FFM-ENT-Underspec Warranty Guarantee HSI","reg","REGIONAL 04",99.79,"2025-09-17",9
"FFM-ENT-Underspec Warranty Guarantee HSI","reg","REGIONAL 05",99.55,"2025-09-17",9
"FFM-ENT-Underspec Warranty Guarantee HSI","reg","REGIONAL 06",99.24,"2025-09-17",9
"FFM-ENT-Underspec Warranty Guarantee HSI","reg","REGIONAL 07",99.09,"2025-09-17",9
"FFM-ENT-Underspec Warranty Guarantee HSI","reg4","KUDUS",99.78,"2025-09-17",9
"FFM-ENT-Underspec Warranty Guarantee HSI","reg4","MAGELANG",99.46,"2025-09-17",9
"FFM-ENT-Underspec Warranty Guarantee HSI","reg4","PEKALONGAN",99.73,"2025-09-17",9
"FFM-ENT-Underspec Warranty Guarantee HSI","reg4","PURWOKERTO",100.00,"2025-09-17",9
"FFM-ENT-Underspec Warranty Guarantee HSI","reg4","SEMARANG",99.80,"2025-09-17",9
"FFM-ENT-Underspec Warranty Guarantee HSI","reg4","SOLO",100.00,"2025-09-17",9
"FFM-ENT-Underspec Warranty Guarantee HSI","reg4","YOGYAKARTA",99.78,"2025-09-17",9
"FFM-ENT-Underspec Warranty Guarantee HSI","reg5","DENPASAR",97.93,"2025-09-17",9
"FFM-ENT-Underspec Warranty Guarantee HSI","reg5","JEMBER",99.81,"2025-09-17",9
"FFM-ENT-Underspec Warranty Guarantee HSI","reg5","KEDIRI",100.00,"2025-09-17",9
"FFM-ENT-Underspec Warranty Guarantee HSI","reg5","MADIUN",99.38,"2025-09-17",9
"FFM-ENT-Underspec Warranty Guarantee HSI","reg5","MADURA",99.38,"2025-09-17",9
"FFM-ENT-Underspec Warranty Guarantee HSI","reg5","MALANG",100.00,"2025-09-17",9
"FFM-ENT-Underspec Warranty Guarantee HSI","reg5","NTB",99.50,"2025-09-17",9
"FFM-ENT-Underspec Warranty Guarantee HSI","reg5","NTT",97.83,"2025-09-17",9
"FFM-ENT-Underspec Warranty Guarantee HSI","reg5","PASURUAN",100.00,"2025-09-17",9
"FFM-ENT-Underspec Warranty Guarantee HSI","reg5","SIDOARJO",99.67,"2025-09-17",9
"FFM-ENT-Underspec Warranty Guarantee HSI","reg5","SINGARAJA",100.00,"2025-09-17",9
"FFM-ENT-Underspec Warranty Guarantee HSI","reg5","SURABAYA SELATAN",99.66,"2025-09-17",9
"FFM-ENT-Underspec Warranty Guarantee HSI","reg5","SURABAYA UTARA",99.85,"2025-09-17",9