kpi,lokasi,area,nilai
ASR-ENT-Assurance Guarantee DATIN,D_BALI,tif,86.31999969482422
ASR-ENT-Assurance Guarantee DATIN,D_MALANG,tif,97.47000122070312
ASR-ENT-Assurance Guarantee DATIN,D_NUSRA,tif,91.58000183105469
ASR-ENT-Assurance Guarantee DATIN,D_SEMARANG,tif,97.08999633789062
ASR-ENT-Assurance Guarantee DATIN,D_SIDOARJO,tif,95.29000091552734
ASR-ENT-Assurance Guarantee DATIN,D_SOLO,tif,94.19000244140625
ASR-ENT-Assurance Guarantee DATIN,D_SURAMADU,tif,95.80000305175781
ASR-ENT-Assurance Guarantee DATIN,D_YOGYAKARTA,tif,95
ASR-ENT-Assurance Guarantee DATIN,TERRITORY 01,tif,89.88999938964844
ASR-ENT-Assurance Guarantee DATIN,TERRITORY 02,tif,92.0999984741211
ASR-ENT-Assurance Guarantee DATIN,TERRITORY 03,tif,94.06999969482422
ASR-ENT-Assurance Guarantee DATIN,TERRITORY 04,tif,86.8499984741211
ASR-ENT-Assurance Guarantee WiFi,D_BALI,tif,81.61000061035156
ASR-ENT-Assurance Guarantee WiFi,D_MALANG,tif,96.2300033569336
ASR-ENT-Assurance Guarantee WiFi,D_NUSRA,tif,89.0199966430664
ASR-ENT-Assurance Guarantee WiFi,D_SEMARANG,tif,90.13999938964844
ASR-ENT-Assurance Guarantee WiFi,D_SIDOARJO,tif,93.8499984741211
ASR-ENT-Assurance Guarantee WiFi,D_SOLO,tif,95.06999969482422
ASR-ENT-Assurance Guarantee WiFi,D_SURAMADU,tif,92.36000061035156
ASR-ENT-Assurance Guarantee WiFi,D_YOGYAKARTA,tif,93.22000122070312
ASR-ENT-Assurance Guarantee WiFi,TERRITORY 01,tif,93.05999755859375
ASR-ENT-Assurance Guarantee WiFi,TERRITORY 02,tif,93.76000213623047
ASR-ENT-Assurance Guarantee WiFi,TERRITORY 03,tif,91.48999786376953
ASR-ENT-Assurance Guarantee WiFi,TERRITORY 04,tif,87.25
ASR-ENT-Assurance Guarantee HSI,D_BALI,tif,82.70999908447266
ASR-ENT-Assurance Guarantee HSI,D_MALANG,tif,96.6500015258789
ASR-ENT-Assurance Guarantee HSI,D_NUSRA,tif,89.18000030517578
ASR-ENT-Assurance Guarantee HSI,D_SEMARANG,tif,91.69000244140625
ASR-ENT-Assurance Guarantee HSI,D_SIDOARJO,tif,94.44000244140625
ASR-ENT-Assurance Guarantee HSI,D_SOLO,tif,90.80999755859375
ASR-ENT-Assurance Guarantee HSI,D_SURAMADU,tif,92.70999908447266
ASR-ENT-Assurance Guarantee HSI,D_YOGYAKARTA,tif,91.70999908447266
ASR-ENT-Assurance Guarantee HSI,TERRITORY 01,tif,90.05000305175781
ASR-ENT-Assurance Guarantee HSI,TERRITORY 02,tif,91.01000213623047
ASR-ENT-Assurance Guarantee HSI,TERRITORY 03,tif,90.66000366210938
ASR-ENT-Assurance Guarantee HSI,TERRITORY 04,tif,89.47000122070312
FFM-ENT-TTI Compliance HSI,D_BALI,tif,79.01000213623047
FFM-ENT-TTI Compliance HSI,D_MALANG,tif,88.80000305175781
FFM-ENT-TTI Compliance HSI,D_NUSRA,tif,82.58999633789062
FFM-ENT-TTI Compliance HSI,D_SEMARANG,tif,91.52999877929688
FFM-ENT-TTI Compliance HSI,D_SIDOARJO,tif,94.2699966430664
FFM-ENT-TTI Compliance HSI,D_SOLO,tif,88.20999908447266
FFM-ENT-TTI Compliance HSI,D_SURAMADU,tif,89.9000015258789
FFM-ENT-TTI Compliance HSI,D_YOGYAKARTA,tif,89.04000091552734
FFM-ENT-TTI Compliance HSI,TERRITORY 01,tif,80.7699966430664
FFM-ENT-TTI Compliance HSI,TERRITORY 02,tif,86.0199966430664
FFM-ENT-TTI Compliance HSI,TERRITORY 03,tif,89.26000213623047
FFM-ENT-TTI Compliance HSI,TERRITORY 04,tif,91.91000366210938
FFM-ENT-Fulfillment Guarantee HSI,D_BALI,tif,98.2300033569336
FFM-ENT-Fulfillment Guarantee HSI,D_MALANG,tif,99.55000305175781
FFM-ENT-Fulfillment Guarantee HSI,D_NUSRA,tif,98.30000305175781
FFM-ENT-Fulfillment Guarantee HSI,D_SEMARANG,tif,97.94000244140625
FFM-ENT-Fulfillment Guarantee HSI,D_SIDOARJO,tif,99.47000122070312
FFM-ENT-Fulfillment Guarantee HSI,D_SOLO,tif,98.66999816894531
FFM-ENT-Fulfillment Guarantee HSI,D_SURAMADU,tif,97.58999633789062
FFM-ENT-Fulfillment Guarantee HSI,D_YOGYAKARTA,tif,98.30999755859375
FFM-ENT-Fulfillment Guarantee HSI,TERRITORY 01,tif,98.44999694824219
FFM-ENT-Fulfillment Guarantee HSI,TERRITORY 02,tif,98.27999877929688
FFM-ENT-Fulfillment Guarantee HSI,TERRITORY 03,tif,98.55000305175781
FFM-ENT-Fulfillment Guarantee HSI,TERRITORY 04,tif,97.76000213623047
FFM-ENT-PS to PI Ratio HSI,D_BALI,tif,25.549999237060547
FFM-ENT-PS to PI Ratio HSI,D_MALANG,tif,56.36000061035156
FFM-ENT-PS to PI Ratio HSI,D_NUSRA,tif,34.4900016784668
FFM-ENT-PS to PI Ratio HSI,D_SEMARANG,tif,44.2599983215332
FFM-ENT-PS to PI Ratio HSI,D_SIDOARJO,tif,64.37000274658203
FFM-ENT-PS to PI Ratio HSI,D_SOLO,tif,58.38999938964844
FFM-ENT-PS to PI Ratio HSI,D_SURAMADU,tif,58.189998626708984
FFM-ENT-PS to PI Ratio HSI,D_YOGYAKARTA,tif,52.869998931884766
FFM-ENT-PS to PI Ratio HSI,TERRITORY 01,tif,49.970001220703125
FFM-ENT-PS to PI Ratio HSI,TERRITORY 02,tif,50.150001525878906
FFM-ENT-PS to PI Ratio HSI,TERRITORY 03,tif,50.619998931884766
FFM-ENT-PS to PI Ratio HSI,TERRITORY 04,tif,29.40999984741211
FFM-ENT-TTR Fulfillment Guarantee 3 jam HSI,D_BALI,tif,83.33000183105469
FFM-ENT-TTR Fulfillment Guarantee 3 jam HSI,D_MALANG,tif,66.66999816894531
FFM-ENT-TTR Fulfillment Guarantee 3 jam HSI,D_NUSRA,tif,50
FFM-ENT-TTR Fulfillment Guarantee 3 jam HSI,D_SEMARANG,tif,80
FFM-ENT-TTR Fulfillment Guarantee 3 jam HSI,D_SIDOARJO,tif,50
FFM-ENT-TTR Fulfillment Guarantee 3 jam HSI,D_SOLO,tif,50
FFM-ENT-TTR Fulfillment Guarantee 3 jam HSI,D_SURAMADU,tif,73.68000030517578
FFM-ENT-TTR Fulfillment Guarantee 3 jam HSI,D_YOGYAKARTA,tif,63.63999938964844
FFM-ENT-TTR Fulfillment Guarantee 3 jam HSI,TERRITORY 01,tif,56
FFM-ENT-TTR Fulfillment Guarantee 3 jam HSI,TERRITORY 02,tif,82.61000061035156
FFM-ENT-TTR Fulfillment Guarantee 3 jam HSI,TERRITORY 03,tif,67.16000366210938
FFM-ENT-TTR Fulfillment Guarantee 3 jam HSI,TERRITORY 04,tif,55.560001373291016
FFM-WHF-TTI Compliance,D_BALI,tif,95.02999877929688
FFM-WHF-TTI Compliance,D_MALANG,tif,97.91000366210938
FFM-WHF-TTI Compliance,D_NUSRA,tif,85.5199966430664
FFM-WHF-TTI Compliance,D_SEMARANG,tif,95.08999633789062
FFM-WHF-TTI Compliance,D_SIDOARJO,tif,98.95999908447266
FFM-WHF-TTI Compliance,D_SOLO,tif,95
FFM-WHF-TTI Compliance,D_SURAMADU,tif,98.37999725341797
FFM-WHF-TTI Compliance,D_YOGYAKARTA,tif,93.94999694824219
FFM-WHF-TTI Compliance,TERRITORY 01,tif,93.0999984741211
FFM-WHF-TTI Compliance,TERRITORY 02,tif,97.7300033569336
FFM-WHF-TTI Compliance,TERRITORY 03,tif,95.58999633789062
FFM-WHF-TTI Compliance,TERRITORY 04,tif,90.68000030517578
FFM-WHF-Fulfillment Guarantee Compliance,D_BALI,tif,98.18000030517578
FFM-WHF-Fulfillment Guarantee Compliance,D_MALANG,tif,99.11000061035156
FFM-WHF-Fulfillment Guarantee Compliance,D_NUSRA,tif,97.20999908447266
FFM-WHF-Fulfillment Guarantee Compliance,D_SEMARANG,tif,99.66000366210938
FFM-WHF-Fulfillment Guarantee Compliance,D_SIDOARJO,tif,99.27999877929688
FFM-WHF-Fulfillment Guarantee Compliance,D_SOLO,tif,99.55999755859375
FFM-WHF-Fulfillment Guarantee Compliance,D_SURAMADU,tif,99.12999725341797
FFM-WHF-Fulfillment Guarantee Compliance,D_YOGYAKARTA,tif,99.05000305175781
FFM-WHF-Fulfillment Guarantee Compliance,TERRITORY 01,tif,98.7300033569336
FFM-WHF-Fulfillment Guarantee Compliance,TERRITORY 02,tif,98.80999755859375
FFM-WHF-Fulfillment Guarantee Compliance,TERRITORY 03,tif,98.97000122070312
FFM-WHF-Fulfillment Guarantee Compliance,TERRITORY 04,tif,98.76000213623047
FFM-WHF-TTR Fulfillment Guarantee Compliance,D_BALI,tif,93.51000213623047
FFM-WHF-TTR Fulfillment Guarantee Compliance,D_MALANG,tif,95
FFM-WHF-TTR Fulfillment Guarantee Compliance,D_NUSRA,tif,89.58000183105469
FFM-WHF-TTR Fulfillment Guarantee Compliance,D_SEMARANG,tif,93.75
FFM-WHF-TTR Fulfillment Guarantee Compliance,D_SIDOARJO,tif,100
FFM-WHF-TTR Fulfillment Guarantee Compliance,D_SOLO,tif,100
FFM-WHF-TTR Fulfillment Guarantee Compliance,D_SURAMADU,tif,98.88999938964844
FFM-WHF-TTR Fulfillment Guarantee Compliance,D_YOGYAKARTA,tif,98.33000183105469
FFM-WHF-TTR Fulfillment Guarantee Compliance,TERRITORY 01,tif,94.51000213623047
FFM-WHF-TTR Fulfillment Guarantee Compliance,TERRITORY 02,tif,98.75
FFM-WHF-TTR Fulfillment Guarantee Compliance,TERRITORY 03,tif,95.38999938964844
FFM-WHF-TTR Fulfillment Guarantee Compliance,TERRITORY 04,tif,87.72000122070312
ASR-ENT-TTR Compliance K1 DATIN 1.5 Jam,D_BALI,tif,nan
ASR-ENT-TTR Compliance K1 DATIN 1.5 Jam,D_MALANG,tif,nan
ASR-ENT-TTR Compliance K1 DATIN 1.5 Jam,D_NUSRA,tif,nan
ASR-ENT-TTR Compliance K1 DATIN 1.5 Jam,D_SEMARANG,tif,nan
ASR-ENT-TTR Compliance K1 DATIN 1.5 Jam,D_SIDOARJO,tif,nan
ASR-ENT-TTR Compliance K1 DATIN 1.5 Jam,D_SOLO,tif,nan
ASR-ENT-TTR Compliance K1 DATIN 1.5 Jam,D_SURAMADU,tif,nan
ASR-ENT-TTR Compliance K1 DATIN 1.5 Jam,D_YOGYAKARTA,tif,nan
ASR-ENT-TTR Compliance K1 DATIN 1.5 Jam,TERRITORY 01,tif,nan
ASR-ENT-TTR Compliance K1 DATIN 1.5 Jam,TERRITORY 02,tif,nan
ASR-ENT-TTR Compliance K1 DATIN 1.5 Jam,TERRITORY 03,tif,nan
ASR-ENT-TTR Compliance K1 DATIN 1.5 Jam,TERRITORY 04,tif,nan
ASR-ENT-TTR Compliance K2 dan K1 Repair DATIN 3.6 Jam,D_BALI,tif,76.19
ASR-ENT-TTR Compliance K2 dan K1 Repair DATIN 3.6 Jam,D_MALANG,tif,84.62
ASR-ENT-TTR Compliance K2 dan K1 Repair DATIN 3.6 Jam,D_NUSRA,tif,83.33
ASR-ENT-TTR Compliance K2 dan K1 Repair DATIN 3.6 Jam,D_SEMARANG,tif,91.30
ASR-ENT-TTR Compliance K2 dan K1 Repair DATIN 3.6 Jam,D_SIDOARJO,tif,89.47
ASR-ENT-TTR Compliance K2 dan K1 Repair DATIN 3.6 Jam,D_SOLO,tif,100.00
ASR-ENT-TTR Compliance K2 dan K1 Repair DATIN 3.6 Jam,D_SURAMADU,tif,83.33
ASR-ENT-TTR Compliance K2 dan K1 Repair DATIN 3.6 Jam,D_YOGYAKARTA,tif,83.33
ASR-ENT-TTR Compliance K2 dan K1 Repair DATIN 3.6 Jam,TERRITORY 01,tif,80.30
ASR-ENT-TTR Compliance K2 dan K1 Repair DATIN 3.6 Jam,TERRITORY 02,tif,81.90
ASR-ENT-TTR Compliance K2 dan K1 Repair DATIN 3.6 Jam,TERRITORY 03,tif,86.47
ASR-ENT-TTR Compliance K2 dan K1 Repair DATIN 3.6 Jam,TERRITORY 04,tif,69.59
ASR-ENT-TTR Compliance K3 DATIN 7.2 Jam,D_BALI,tif,85.71
ASR-ENT-TTR Compliance K3 DATIN 7.2 Jam,D_MALANG,tif,90.91
ASR-ENT-TTR Compliance K3 DATIN 7.2 Jam,D_NUSRA,tif,88.89
ASR-ENT-TTR Compliance K3 DATIN 7.2 Jam,D_SEMARANG,tif,100.00
ASR-ENT-TTR Compliance K3 DATIN 7.2 Jam,D_SIDOARJO,tif,96.77
ASR-ENT-TTR Compliance K3 DATIN 7.2 Jam,D_SOLO,tif,100.00
ASR-ENT-TTR Compliance K3 DATIN 7.2 Jam,D_SURAMADU,tif,88.46
ASR-ENT-TTR Compliance K3 DATIN 7.2 Jam,D_YOGYAKARTA,tif,90.48
ASR-ENT-TTR Compliance K3 DATIN 7.2 Jam,TERRITORY 01,tif,94.12
ASR-ENT-TTR Compliance K3 DATIN 7.2 Jam,TERRITORY 02,tif,91.16
ASR-ENT-TTR Compliance K3 DATIN 7.2 Jam,TERRITORY 03,tif,92.39
ASR-ENT-TTR Compliance K3 DATIN 7.2 Jam,TERRITORY 04,tif,71.73
ASR-ENT-TTR Compliance WiFi,D_BALI,tif,86.20999908447266
ASR-ENT-TTR Compliance WiFi,D_MALANG,tif,100
ASR-ENT-TTR Compliance WiFi,D_NUSRA,tif,91.66999816894531
ASR-ENT-TTR Compliance WiFi,D_SEMARANG,tif,97.77999877929688
ASR-ENT-TTR Compliance WiFi,D_SIDOARJO,tif,100
ASR-ENT-TTR Compliance WiFi,D_SOLO,tif,96.36000061035156
ASR-ENT-TTR Compliance WiFi,D_SURAMADU,tif,95.7699966430664
ASR-ENT-TTR Compliance WiFi,D_YOGYAKARTA,tif,97.83000183105469
ASR-ENT-TTR Compliance WiFi,TERRITORY 01,tif,96.30000305175781
ASR-ENT-TTR Compliance WiFi,TERRITORY 02,tif,98.7699966430664
ASR-ENT-TTR Compliance WiFi,TERRITORY 03,tif,95.63999938964844
ASR-ENT-TTR Compliance WiFi,TERRITORY 04,tif,82.16000366210938
ASR-WHF-Assurance Guarantee,D_BALI,tif,92.95999908447266
ASR-WHF-Assurance Guarantee,D_MALANG,tif,94.9000015258789
ASR-WHF-Assurance Guarantee,D_NUSRA,tif,87.4800033569336
ASR-WHF-Assurance Guarantee,D_SEMARANG,tif,93.87999725341797
ASR-WHF-Assurance Guarantee,D_SIDOARJO,tif,94.98999786376953
ASR-WHF-Assurance Guarantee,D_SOLO,tif,94.43000030517578
ASR-WHF-Assurance Guarantee,D_SURAMADU,tif,92.36000061035156
ASR-WHF-Assurance Guarantee,D_YOGYAKARTA,tif,93.83999633789062
ASR-WHF-Assurance Guarantee,TERRITORY 01,tif,91.31999969482422
ASR-WHF-Assurance Guarantee,TERRITORY 02,tif,94.12000274658203
ASR-WHF-Assurance Guarantee,TERRITORY 03,tif,93.01000213623047
ASR-WHF-Assurance Guarantee,TERRITORY 04,tif,92.94000244140625
ASR-WHF-TTR Comply 3H (D,V),D_BALI,tif,100
ASR-WHF-TTR Comply 3H (D,V),D_MALANG,tif,100
ASR-WHF-TTR Comply 3H (D,V),D_NUSRA,tif,100
ASR-WHF-TTR Comply 3H (D,V),D_SEMARANG,tif,100
ASR-WHF-TTR Comply 3H (D,V),D_SIDOARJO,tif,100
ASR-WHF-TTR Comply 3H (D,V),D_SOLO,tif,95
ASR-WHF-TTR Comply 3H (D,V),D_SURAMADU,tif,100
ASR-WHF-TTR Comply 3H (D,V),D_YOGYAKARTA,tif,100
ASR-WHF-TTR Comply 3H (D,V),TERRITORY 01,tif,96.2300033569336
ASR-WHF-TTR Comply 3H (D,V),TERRITORY 02,tif,97.70999908447266
ASR-WHF-TTR Comply 3H (D,V),TERRITORY 03,tif,98.51000213623047
ASR-WHF-TTR Comply 3H (D,V),TERRITORY 04,tif,93.5
ASR-WHF-TTR Comply 6H (P),D_BALI,tif,90.4800033569336
ASR-WHF-TTR Comply 6H (P),D_MALANG,tif,100
ASR-WHF-TTR Comply 6H (P),D_NUSRA,tif,95.13999938964844
ASR-WHF-TTR Comply 6H (P),D_SEMARANG,tif,100
ASR-WHF-TTR Comply 6H (P),D_SIDOARJO,tif,100
ASR-WHF-TTR Comply 6H (P),D_SOLO,tif,100
ASR-WHF-TTR Comply 6H (P),D_SURAMADU,tif,97.44000244140625
ASR-WHF-TTR Comply 6H (P),D_YOGYAKARTA,tif,100
ASR-WHF-TTR Comply 6H (P),TERRITORY 01,tif,97.86000061035156
ASR-WHF-TTR Comply 6H (P),TERRITORY 02,tif,98.75
ASR-WHF-TTR Comply 6H (P),TERRITORY 03,tif,97.19000244140625
ASR-WHF-TTR Comply 6H (P),TERRITORY 04,tif,88.73999786376953
ASR-WHF-TTR Comply 36H (Non HVC),D_BALI,tif,98.62000274658203
ASR-WHF-TTR Comply 36H (Non HVC),D_MALANG,tif,99.87000274658203
ASR-WHF-TTR Comply 36H (Non HVC),D_NUSRA,tif,98.63999938964844
ASR-WHF-TTR Comply 36H (Non HVC),D_SEMARANG,tif,100
ASR-WHF-TTR Comply 36H (Non HVC),D_SIDOARJO,tif,100
ASR-WHF-TTR Comply 36H (Non HVC),D_SOLO,tif,99.80000305175781
ASR-WHF-TTR Comply 36H (Non HVC),D_SURAMADU,tif,99.93000030517578
ASR-WHF-TTR Comply 36H (Non HVC),D_YOGYAKARTA,tif,99.83000183105469
ASR-WHF-TTR Comply 36H (Non HVC),TERRITORY 01,tif,98.72000122070312
ASR-WHF-TTR Comply 36H (Non HVC),TERRITORY 02,tif,99.76000213623047
ASR-WHF-TTR Comply 36H (Non HVC),TERRITORY 03,tif,99.5999984741211
ASR-WHF-TTR Comply 36H (Non HVC),TERRITORY 04,tif,96.94999694824219
ASR-WHF-TTR Comply 3H Manja,D_BALI,tif,97.5199966430664
ASR-WHF-TTR Comply 3H Manja,D_MALANG,tif,97.83999633789062
ASR-WHF-TTR Comply 3H Manja,D_NUSRA,tif,90.12000274658203
ASR-WHF-TTR Comply 3H Manja,D_SEMARANG,tif,99.66000366210938
ASR-WHF-TTR Comply 3H Manja,D_SIDOARJO,tif,100
ASR-WHF-TTR Comply 3H Manja,D_SOLO,tif,97.79000091552734
ASR-WHF-TTR Comply 3H Manja,D_SURAMADU,tif,98.91000366210938
ASR-WHF-TTR Comply 3H Manja,D_YOGYAKARTA,tif,100
ASR-WHF-TTR Comply 3H Manja,TERRITORY 01,tif,98.06999969482422
ASR-WHF-TTR Comply 3H Manja,TERRITORY 02,tif,98.33999633789062
ASR-WHF-TTR Comply 3H Manja,TERRITORY 03,tif,98.22000122070312
ASR-WHF-TTR Comply 3H Manja,TERRITORY 04,tif,97.01000213623047
ASR-ENT-Compliance-Time to Recover IndiBiz-4 jam,D_BALI,tif,41.599998474121094
ASR-ENT-Compliance-Time to Recover IndiBiz-4 jam,D_MALANG,tif,76.4000015258789
ASR-ENT-Compliance-Time to Recover IndiBiz-4 jam,D_NUSRA,tif,62.20000076293945
ASR-ENT-Compliance-Time to Recover IndiBiz-4 jam,D_SEMARANG,tif,70.80000305175781
ASR-ENT-Compliance-Time to Recover IndiBiz-4 jam,D_SIDOARJO,tif,83.19999694824219
ASR-ENT-Compliance-Time to Recover IndiBiz-4 jam,D_SOLO,tif,72.5999984741211
ASR-ENT-Compliance-Time to Recover IndiBiz-4 jam,D_SURAMADU,tif,58.900001525878906
ASR-ENT-Compliance-Time to Recover IndiBiz-4 jam,D_YOGYAKARTA,tif,70.5
ASR-ENT-Compliance-Time to Recover IndiBiz-4 jam,TERRITORY 01,tif,71.4000015258789
ASR-ENT-Compliance-Time to Recover IndiBiz-4 jam,TERRITORY 02,tif,65.19999694824219
ASR-ENT-Compliance-Time to Recover IndiBiz-4 jam,TERRITORY 03,tif,64.30000305175781
ASR-ENT-Compliance-Time to Recover IndiBiz-4 jam,TERRITORY 04,tif,49.099998474121094
ASR-ENT-Compliance-Time to Recover IndiBiz-24 jam,D_BALI,tif,88.0999984741211
ASR-ENT-Compliance-Time to Recover IndiBiz-24 jam,D_MALANG,tif,98.5999984741211
ASR-ENT-Compliance-Time to Recover IndiBiz-24 jam,D_NUSRA,tif,92.0999984741211
ASR-ENT-Compliance-Time to Recover IndiBiz-24 jam,D_SEMARANG,tif,96.5
ASR-ENT-Compliance-Time to Recover IndiBiz-24 jam,D_SIDOARJO,tif,99.30000305175781
ASR-ENT-Compliance-Time to Recover IndiBiz-24 jam,D_SOLO,tif,95.9000015258789
ASR-ENT-Compliance-Time to Recover IndiBiz-24 jam,D_SURAMADU,tif,97.0999984741211
ASR-ENT-Compliance-Time to Recover IndiBiz-24 jam,D_YOGYAKARTA,tif,96.9000015258789
ASR-ENT-Compliance-Time to Recover IndiBiz-24 jam,TERRITORY 01,tif,97.9000015258789
ASR-ENT-Compliance-Time to Recover IndiBiz-24 jam,TERRITORY 02,tif,96
ASR-ENT-Compliance-Time to Recover IndiBiz-24 jam,TERRITORY 03,tif,94.9000015258789
ASR-ENT-Compliance-Time to Recover IndiBiz-24 jam,TERRITORY 04,tif,84.69999694824219
ASR-ENT-Compliance-Time to Recover IndiHome Reseller-6 jam,D_BALI,tif,51.70000076293945
ASR-ENT-Compliance-Time to Recover IndiHome Reseller-6 jam,D_MALANG,tif,91.5
ASR-ENT-Compliance-Time to Recover IndiHome Reseller-6 jam,D_NUSRA,tif,68.80000305175781
ASR-ENT-Compliance-Time to Recover IndiHome Reseller-6 jam,D_SEMARANG,tif,89.5
ASR-ENT-Compliance-Time to Recover IndiHome Reseller-6 jam,D_SIDOARJO,tif,87.19999694824219
ASR-ENT-Compliance-Time to Recover IndiHome Reseller-6 jam,D_SOLO,tif,89
ASR-ENT-Compliance-Time to Recover IndiHome Reseller-6 jam,D_SURAMADU,tif,81.4000015258789
ASR-ENT-Compliance-Time to Recover IndiHome Reseller-6 jam,D_YOGYAKARTA,tif,73.5999984741211
ASR-ENT-Compliance-Time to Recover IndiHome Reseller-6 jam,TERRITORY 01,tif,87.30000305175781
ASR-ENT-Compliance-Time to Recover IndiHome Reseller-6 jam,TERRITORY 02,tif,81.80000305175781
ASR-ENT-Compliance-Time to Recover IndiHome Reseller-6 jam,TERRITORY 03,tif,78.5
ASR-ENT-Compliance-Time to Recover IndiHome Reseller-6 jam,TERRITORY 04,tif,65.5999984741211
ASR-ENT-Compliance-Time to Recover IndiHome Reseller-36 jam,D_BALI,tif,94
ASR-ENT-Compliance-Time to Recover IndiHome Reseller-36 jam,D_MALANG,tif,100
ASR-ENT-Compliance-Time to Recover IndiHome Reseller-36 jam,D_NUSRA,tif,96.9000015258789
ASR-ENT-Compliance-Time to Recover IndiHome Reseller-36 jam,D_SEMARANG,tif,100
ASR-ENT-Compliance-Time to Recover IndiHome Reseller-36 jam,D_SIDOARJO,tif,100
ASR-ENT-Compliance-Time to Recover IndiHome Reseller-36 jam,D_SOLO,tif,97.30000305175781
ASR-ENT-Compliance-Time to Recover IndiHome Reseller-36 jam,D_SURAMADU,tif,99.30000305175781
ASR-ENT-Compliance-Time to Recover IndiHome Reseller-36 jam,D_YOGYAKARTA,tif,96.69999694824219
ASR-ENT-Compliance-Time to Recover IndiHome Reseller-36 jam,TERRITORY 01,tif,98.0999984741211
ASR-ENT-Compliance-Time to Recover IndiHome Reseller-36 jam,TERRITORY 02,tif,96.80000305175781
ASR-ENT-Compliance-Time to Recover IndiHome Reseller-36 jam,TERRITORY 03,tif,98
ASR-ENT-Compliance-Time to Recover IndiHome Reseller-36 jam,TERRITORY 04,tif,93.4000015258789
ASR-ENT-MTTR DWDM,D_BALI,tif,3.98
ASR-ENT-MTTR DWDM,D_MALANG,tif,-
ASR-ENT-MTTR DWDM,D_NUSRA,tif,-
ASR-ENT-MTTR DWDM,D_SEMARANG,tif,-
ASR-ENT-MTTR DWDM,D_SIDOARJO,tif,-
ASR-ENT-MTTR DWDM,D_SOLO,tif,-
ASR-ENT-MTTR DWDM,D_SURAMADU,tif,-
ASR-ENT-MTTR DWDM,D_YOGYAKARTA,tif,-
ASR-ENT-MTTR DWDM,TERRITORY 01,tif,-
ASR-ENT-MTTR DWDM,TERRITORY 02,tif,2.75
ASR-ENT-MTTR DWDM,TERRITORY 03,tif,3.98
ASR-ENT-MTTR DWDM,TERRITORY 04,tif,-
ASR-ENT-MTTR SIP TRUNK,D_BALI,tif,10.85
ASR-ENT-MTTR SIP TRUNK,D_MALANG,tif,-
ASR-ENT-MTTR SIP TRUNK,D_NUSRA,tif,-
ASR-ENT-MTTR SIP TRUNK,D_SEMARANG,tif,3.68
ASR-ENT-MTTR SIP TRUNK,D_SIDOARJO,tif,-
ASR-ENT-MTTR SIP TRUNK,D_SOLO,tif,-
ASR-ENT-MTTR SIP TRUNK,D_SURAMADU,tif,14.91
ASR-ENT-MTTR SIP TRUNK,D_YOGYAKARTA,tif,-
ASR-ENT-MTTR SIP TRUNK,TERRITORY 01,tif,7.93
ASR-ENT-MTTR SIP TRUNK,TERRITORY 02,tif,4.9
ASR-ENT-MTTR SIP TRUNK,TERRITORY 03,tif,8.79
ASR-ENT-MTTR SIP TRUNK,TERRITORY 04,tif,-
ONM-ENT-WiFi Revitalization,D_BALI,tif,90.91
ONM-ENT-WiFi Revitalization,D_MALANG,tif,-
ONM-ENT-WiFi Revitalization,D_NUSRA,tif,62.5
ONM-ENT-WiFi Revitalization,D_SEMARANG,tif,-
ONM-ENT-WiFi Revitalization,D_SIDOARJO,tif,100
ONM-ENT-WiFi Revitalization,D_SOLO,tif,100
ONM-ENT-WiFi Revitalization,D_SURAMADU,tif,100
ONM-ENT-WiFi Revitalization,D_YOGYAKARTA,tif,100
ONM-ENT-WiFi Revitalization,TERRITORY 01,tif,70.97
ONM-ENT-WiFi Revitalization,TERRITORY 02,tif,71.43
ONM-ENT-WiFi Revitalization,TERRITORY 03,tif,89.58
ONM-ENT-WiFi Revitalization,TERRITORY 04,tif,88.89
FFM-ENT-Fulfillment Guarantee Non HSI,D_BALI,tif,100
FFM-ENT-Fulfillment Guarantee Non HSI,D_MALANG,tif,100
FFM-ENT-Fulfillment Guarantee Non HSI,D_NUSRA,tif,100
FFM-ENT-Fulfillment Guarantee Non HSI,D_SEMARANG,tif,100
FFM-ENT-Fulfillment Guarantee Non HSI,D_SIDOARJO,tif,100
FFM-ENT-Fulfillment Guarantee Non HSI,D_SOLO,tif,100
FFM-ENT-Fulfillment Guarantee Non HSI,D_SURAMADU,tif,100
FFM-ENT-Fulfillment Guarantee Non HSI,D_YOGYAKARTA,tif,100
FFM-ENT-Fulfillment Guarantee Non HSI,TERRITORY 01,tif,96.26000213623047
FFM-ENT-Fulfillment Guarantee Non HSI,TERRITORY 02,tif,97.73999786376953
FFM-ENT-Fulfillment Guarantee Non HSI,TERRITORY 03,tif,100
FFM-ENT-Fulfillment Guarantee Non HSI,TERRITORY 04,tif,97.58000183105469
FFM-ENT-TTD Compliance Non HSI,D_BALI,tif,100
FFM-ENT-TTD Compliance Non HSI,D_MALANG,tif,100
FFM-ENT-TTD Compliance Non HSI,D_NUSRA,tif,100
FFM-ENT-TTD Compliance Non HSI,D_SEMARANG,tif,100
FFM-ENT-TTD Compliance Non HSI,D_SIDOARJO,tif,100
FFM-ENT-TTD Compliance Non HSI,D_SOLO,tif,100
FFM-ENT-TTD Compliance Non HSI,D_SURAMADU,tif,100
FFM-ENT-TTD Compliance Non HSI,D_YOGYAKARTA,tif,80
FFM-ENT-TTD Compliance Non HSI,TERRITORY 01,tif,90.91000366210938
FFM-ENT-TTD Compliance Non HSI,TERRITORY 02,tif,99.05999755859375
FFM-ENT-TTD Compliance Non HSI,TERRITORY 03,tif,98.38999938964844
FFM-ENT-TTD Compliance Non HSI,TERRITORY 04,tif,100
FFM-ENT-TTR Fulfillment Guarantee 3 Jam Non HSI,D_BALI,tif,100
FFM-ENT-TTR Fulfillment Guarantee 3 Jam Non HSI,D_MALANG,tif,100
FFM-ENT-TTR Fulfillment Guarantee 3 Jam Non HSI,D_NUSRA,tif,100
FFM-ENT-TTR Fulfillment Guarantee 3 Jam Non HSI,D_SEMARANG,tif,100
FFM-ENT-TTR Fulfillment Guarantee 3 Jam Non HSI,D_SIDOARJO,tif,100
FFM-ENT-TTR Fulfillment Guarantee 3 Jam Non HSI,D_SOLO,tif,100
FFM-ENT-TTR Fulfillment Guarantee 3 Jam Non HSI,D_SURAMADU,tif,100
FFM-ENT-TTR Fulfillment Guarantee 3 Jam Non HSI,D_YOGYAKARTA,tif,100
FFM-ENT-TTR Fulfillment Guarantee 3 Jam Non HSI,TERRITORY 01,tif,100
FFM-ENT-TTR Fulfillment Guarantee 3 Jam Non HSI,TERRITORY 02,tif,100
FFM-ENT-TTR Fulfillment Guarantee 3 Jam Non HSI,TERRITORY 03,tif,100
FFM-ENT-TTR Fulfillment Guarantee 3 Jam Non HSI,TERRITORY 04,tif,100
ONM-ALL-Service Availability-WiFi,D_BALI,tif,96.69000244140625
ONM-ALL-Service Availability-WiFi,D_MALANG,tif,99.69999694824219
ONM-ALL-Service Availability-WiFi,D_NUSRA,tif,97.62000274658203
ONM-ALL-Service Availability-WiFi,D_SEMARANG,tif,99.87999725341797
ONM-ALL-Service Availability-WiFi,D_SIDOARJO,tif,99.75
ONM-ALL-Service Availability-WiFi,D_SOLO,tif,99.87000274658203
ONM-ALL-Service Availability-WiFi,D_SURAMADU,tif,98.66000366210938
ONM-ALL-Service Availability-WiFi,D_YOGYAKARTA,tif,99.80999755859375
ONM-ALL-Service Availability-WiFi,TERRITORY 01,tif,99.95999908447266
ONM-ALL-Service Availability-WiFi,TERRITORY 02,tif,99.01000213623047
ONM-ALL-Service Availability-WiFi,TERRITORY 03,tif,98.9800033569336
ONM-ALL-Service Availability-WiFi,TERRITORY 04,tif,99.7300033569336
FFM-ENT-Underspec Warranty Guarantee HSI,D_BALI,tif,99.13999938964844
FFM-ENT-Underspec Warranty Guarantee HSI,D_MALANG,tif,99.91000366210938
FFM-ENT-Underspec Warranty Guarantee HSI,D_NUSRA,tif,99.38999938964844
FFM-ENT-Underspec Warranty Guarantee HSI,D_SEMARANG,tif,99.87999725341797
FFM-ENT-Underspec Warranty Guarantee HSI,D_SIDOARJO,tif,99.7699966430664
FFM-ENT-Underspec Warranty Guarantee HSI,D_SOLO,tif,99.87000274658203
FFM-ENT-Underspec Warranty Guarantee HSI,D_SURAMADU,tif,99.79000091552734
FFM-ENT-Underspec Warranty Guarantee HSI,D_YOGYAKARTA,tif,99.70999908447266
FFM-ENT-Underspec Warranty Guarantee HSI,TERRITORY 01,tif,99.31999969482422
FFM-ENT-Underspec Warranty Guarantee HSI,TERRITORY 02,tif,99.63999938964844
FFM-ENT-Underspec Warranty Guarantee HSI,TERRITORY 03,tif,99.7300033569336
FFM-ENT-Underspec Warranty Guarantee HSI,TERRITORY 04,tif,99.2699966430664
ASR-ENT-Assurance Guarantee DATIN,REGIONAL 01,reg,89.88999938964844
ASR-ENT-Assurance Guarantee DATIN,REGIONAL 02,reg,90.77999877929688
ASR-ENT-Assurance Guarantee DATIN,REGIONAL 03,reg,96.3499984741211
ASR-ENT-Assurance Guarantee DATIN,REGIONAL 04,reg,95.54000091552734
ASR-ENT-Assurance Guarantee DATIN,REGIONAL 05,reg,93.2300033569336
ASR-ENT-Assurance Guarantee DATIN,REGIONAL 06,reg,88.12999725341797
ASR-ENT-Assurance Guarantee DATIN,REGIONAL 07,reg,86.25
ASR-ENT-Assurance Guarantee DATIN,KUDUS,reg,88.0999984741211
ASR-ENT-Assurance Guarantee DATIN,MAGELANG,reg,95.83000183105469
ASR-ENT-Assurance Guarantee DATIN,PEKALONGAN,reg,94.29000091552734
ASR-ENT-Assurance Guarantee DATIN,PURWOKERTO,reg,95.83000183105469
ASR-ENT-Assurance Guarantee DATIN,SEMARANG,reg,98.52999877929688
ASR-ENT-Assurance Guarantee DATIN,SOLO,reg,100
ASR-ENT-Assurance Guarantee DATIN,YOGYAKARTA,reg,93.75
ASR-ENT-Assurance Guarantee DATIN,DENPASAR,reg,88.68000030517578
ASR-ENT-Assurance Guarantee DATIN,JEMBER,reg,100
ASR-ENT-Assurance Guarantee DATIN,KEDIRI,reg,100
ASR-ENT-Assurance Guarantee DATIN,MADIUN,reg,93.55000305175781
ASR-ENT-Assurance Guarantee DATIN,MADURA,reg,90
ASR-ENT-Assurance Guarantee DATIN,MALANG,reg,100
ASR-ENT-Assurance Guarantee DATIN,NTB,reg,94.2300033569336
ASR-ENT-Assurance Guarantee DATIN,NTT,reg,88.37000274658203
ASR-ENT-Assurance Guarantee DATIN,PASURUAN,reg,96.1500015258789
ASR-ENT-Assurance Guarantee DATIN,SIDOARJO,reg,93.33000183105469
ASR-ENT-Assurance Guarantee DATIN,SINGARAJA,reg,83.33000183105469
ASR-ENT-Assurance Guarantee DATIN,SURABAYA SELATAN,reg,100
ASR-ENT-Assurance Guarantee DATIN,SURABAYA UTARA,reg,96.61000061035156
ASR-ENT-Assurance Guarantee WiFi,REGIONAL 01,reg,93.05999755859375
ASR-ENT-Assurance Guarantee WiFi,REGIONAL 02,reg,92.88999938964844
ASR-ENT-Assurance Guarantee WiFi,REGIONAL 03,reg,95.7699966430664
ASR-ENT-Assurance Guarantee WiFi,REGIONAL 04,reg,92.79000091552734
ASR-ENT-Assurance Guarantee WiFi,REGIONAL 05,reg,90.31999969482422
ASR-ENT-Assurance Guarantee WiFi,REGIONAL 06,reg,90.41000366210938
ASR-ENT-Assurance Guarantee WiFi,REGIONAL 07,reg,84.91999816894531
ASR-ENT-Assurance Guarantee WiFi,KUDUS,reg,94.29000091552734
ASR-ENT-Assurance Guarantee WiFi,MAGELANG,reg,96.1500015258789
ASR-ENT-Assurance Guarantee WiFi,PEKALONGAN,reg,80
ASR-ENT-Assurance Guarantee WiFi,PURWOKERTO,reg,86.95999908447266
ASR-ENT-Assurance Guarantee WiFi,SEMARANG,reg,92.30999755859375
ASR-ENT-Assurance Guarantee WiFi,SOLO,reg,95.83000183105469
ASR-ENT-Assurance Guarantee WiFi,YOGYAKARTA,reg,94.19999694824219
ASR-ENT-Assurance Guarantee WiFi,DENPASAR,reg,66.66999816894531
ASR-ENT-Assurance Guarantee WiFi,JEMBER,reg,100
ASR-ENT-Assurance Guarantee WiFi,KEDIRI,reg,100
ASR-ENT-Assurance Guarantee WiFi,MADIUN,reg,95.44999694824219
ASR-ENT-Assurance Guarantee WiFi,MADURA,reg,96
ASR-ENT-Assurance Guarantee WiFi,MALANG,reg,96.43000030517578
ASR-ENT-Assurance Guarantee WiFi,NTB,reg,92.68000030517578
ASR-ENT-Assurance Guarantee WiFi,NTT,reg,85.37000274658203
ASR-ENT-Assurance Guarantee WiFi,PASURUAN,reg,100
ASR-ENT-Assurance Guarantee WiFi,SIDOARJO,reg,91.66999816894531
ASR-ENT-Assurance Guarantee WiFi,SINGARAJA,reg,95.55999755859375
ASR-ENT-Assurance Guarantee WiFi,SURABAYA SELATAN,reg,85.70999908447266
ASR-ENT-Assurance Guarantee WiFi,SURABAYA UTARA,reg,94.44000244140625
ASR-ENT-Assurance Guarantee HSI,REGIONAL 01,reg,90.05000305175781
ASR-ENT-Assurance Guarantee HSI,REGIONAL 02,reg,90.11000061035156
ASR-ENT-Assurance Guarantee HSI,REGIONAL 03,reg,94.55999755859375
ASR-ENT-Assurance Guarantee HSI,REGIONAL 04,reg,91.47000122070312
ASR-ENT-Assurance Guarantee HSI,REGIONAL 05,reg,90.01000213623047
ASR-ENT-Assurance Guarantee HSI,REGIONAL 06,reg,90.94999694824219
ASR-ENT-Assurance Guarantee HSI,REGIONAL 07,reg,88.54000091552734
ASR-ENT-Assurance Guarantee HSI,KUDUS,reg,89.83000183105469
ASR-ENT-Assurance Guarantee HSI,MAGELANG,reg,93.2699966430664
ASR-ENT-Assurance Guarantee HSI,PEKALONGAN,reg,92.2300033569336
ASR-ENT-Assurance Guarantee HSI,PURWOKERTO,reg,89.66000366210938
ASR-ENT-Assurance Guarantee HSI,SEMARANG,reg,91.38999938964844
ASR-ENT-Assurance Guarantee HSI,SOLO,reg,91.5999984741211
ASR-ENT-Assurance Guarantee HSI,YOGYAKARTA,reg,91.77999877929688
ASR-ENT-Assurance Guarantee HSI,DENPASAR,reg,82.41000366210938
ASR-ENT-Assurance Guarantee HSI,JEMBER,reg,96.55000305175781
ASR-ENT-Assurance Guarantee HSI,KEDIRI,reg,96
ASR-ENT-Assurance Guarantee HSI,MADIUN,reg,95.37999725341797
ASR-ENT-Assurance Guarantee HSI,MADURA,reg,88.76000213623047
ASR-ENT-Assurance Guarantee HSI,MALANG,reg,98.7300033569336
ASR-ENT-Assurance Guarantee HSI,NTB,reg,85.83000183105469
ASR-ENT-Assurance Guarantee HSI,NTT,reg,94.58999633789062
ASR-ENT-Assurance Guarantee HSI,PASURUAN,reg,100
ASR-ENT-Assurance Guarantee HSI,SIDOARJO,reg,93.30999755859375
ASR-ENT-Assurance Guarantee HSI,SINGARAJA,reg,83.45999908447266
ASR-ENT-Assurance Guarantee HSI,SURABAYA SELATAN,reg,94.55000305175781
ASR-ENT-Assurance Guarantee HSI,SURABAYA UTARA,reg,92.66999816894531
FFM-ENT-TTI Compliance HSI,REGIONAL 01,reg,80.7699966430664
FFM-ENT-TTI Compliance HSI,REGIONAL 02,reg,84.54000091552734
FFM-ENT-TTI Compliance HSI,REGIONAL 03,reg,88.72000122070312
FFM-ENT-TTI Compliance HSI,REGIONAL 04,reg,89.44000244140625
FFM-ENT-TTI Compliance HSI,REGIONAL 05,reg,89.16999816894531
FFM-ENT-TTI Compliance HSI,REGIONAL 06,reg,91.91000366210938
FFM-ENT-TTI Compliance HSI,REGIONAL 07,reg,83.51000213623047
FFM-ENT-TTI Compliance HSI,KUDUS,reg,81.97000122070312
FFM-ENT-TTI Compliance HSI,MAGELANG,reg,84.55000305175781
FFM-ENT-TTI Compliance HSI,PEKALONGAN,reg,87.5
FFM-ENT-TTI Compliance HSI,PURWOKERTO,reg,88.05999755859375
FFM-ENT-TTI Compliance HSI,SEMARANG,reg,96.47000122070312
FFM-ENT-TTI Compliance HSI,SOLO,reg,95.33000183105469
FFM-ENT-TTI Compliance HSI,YOGYAKARTA,reg,93.91000366210938
FFM-ENT-TTI Compliance HSI,DENPASAR,reg,72.08999633789062
FFM-ENT-TTI Compliance HSI,JEMBER,reg,98.30999755859375
FFM-ENT-TTI Compliance HSI,KEDIRI,reg,86.5999984741211
FFM-ENT-TTI Compliance HSI,MADIUN,reg,86.58999633789062
FFM-ENT-TTI Compliance HSI,MADURA,reg,84.29000091552734
FFM-ENT-TTI Compliance HSI,MALANG,reg,95.55999755859375
FFM-ENT-TTI Compliance HSI,NTB,reg,88.30000305175781
FFM-ENT-TTI Compliance HSI,NTT,reg,64.1500015258789
FFM-ENT-TTI Compliance HSI,PASURUAN,reg,98.75
FFM-ENT-TTI Compliance HSI,SIDOARJO,reg,88.2699966430664
FFM-ENT-TTI Compliance HSI,SINGARAJA,reg,86.83999633789062
FFM-ENT-TTI Compliance HSI,SURABAYA SELATAN,reg,97.18000030517578
FFM-ENT-TTI Compliance HSI,SURABAYA UTARA,reg,89.04000091552734
FFM-ENT-Fulfillment Guarantee HSI,REGIONAL 01,reg,98.44999694824219
FFM-ENT-Fulfillment Guarantee HSI,REGIONAL 02,reg,98.16000366210938
FFM-ENT-Fulfillment Guarantee HSI,REGIONAL 03,reg,98.54000091552734
FFM-ENT-Fulfillment Guarantee HSI,REGIONAL 04,reg,98.30000305175781
FFM-ENT-Fulfillment Guarantee HSI,REGIONAL 05,reg,98.68000030517578
FFM-ENT-Fulfillment Guarantee HSI,REGIONAL 06,reg,97.76000213623047
FFM-ENT-Fulfillment Guarantee HSI,REGIONAL 07,reg,97.37000274658203
FFM-ENT-Fulfillment Guarantee HSI,KUDUS,reg,98.80000305175781
FFM-ENT-Fulfillment Guarantee HSI,MAGELANG,reg,96.88999938964844
FFM-ENT-Fulfillment Guarantee HSI,PEKALONGAN,reg,98.05000305175781
FFM-ENT-Fulfillment Guarantee HSI,PURWOKERTO,reg,99.3499984741211
FFM-ENT-Fulfillment Guarantee HSI,SEMARANG,reg,97.86000061035156
FFM-ENT-Fulfillment Guarantee HSI,SOLO,reg,98.51000213623047
FFM-ENT-Fulfillment Guarantee HSI,YOGYAKARTA,reg,98.77999877929688
FFM-ENT-Fulfillment Guarantee HSI,DENPASAR,reg,97.05999755859375
FFM-ENT-Fulfillment Guarantee HSI,JEMBER,reg,100
FFM-ENT-Fulfillment Guarantee HSI,KEDIRI,reg,99.61000061035156
FFM-ENT-Fulfillment Guarantee HSI,MADIUN,reg,99.4800033569336
FFM-ENT-Fulfillment Guarantee HSI,MADURA,reg,97.94999694824219
FFM-ENT-Fulfillment Guarantee HSI,MALANG,reg,99.52999877929688
FFM-ENT-Fulfillment Guarantee HSI,NTB,reg,98.05000305175781
FFM-ENT-Fulfillment Guarantee HSI,NTT,reg,98.7699966430664
FFM-ENT-Fulfillment Guarantee HSI,PASURUAN,reg,99.33999633789062
FFM-ENT-Fulfillment Guarantee HSI,SIDOARJO,reg,99.08999633789062
FFM-ENT-Fulfillment Guarantee HSI,SINGARAJA,reg,99.31999969482422
FFM-ENT-Fulfillment Guarantee HSI,SURABAYA SELATAN,reg,97.66000366210938
FFM-ENT-Fulfillment Guarantee HSI,SURABAYA UTARA,reg,97.30999755859375
FFM-ENT-PS to PI Ratio HSI,REGIONAL 01,reg,49.970001220703125
FFM-ENT-PS to PI Ratio HSI,REGIONAL 02,reg,46.189998626708984
FFM-ENT-PS to PI Ratio HSI,REGIONAL 03,reg,63.29999923706055
FFM-ENT-PS to PI Ratio HSI,REGIONAL 04,reg,51.09000015258789
FFM-ENT-PS to PI Ratio HSI,REGIONAL 05,reg,50.380001068115234
FFM-ENT-PS to PI Ratio HSI,REGIONAL 06,reg,29.40999984741211
FFM-ENT-PS to PI Ratio HSI,REGIONAL 07,reg,25.15999984741211
FFM-ENT-PS to PI Ratio HSI,KUDUS,reg,55.90999984741211
FFM-ENT-PS to PI Ratio HSI,MAGELANG,reg,53.56999969482422
FFM-ENT-PS to PI Ratio HSI,PEKALONGAN,reg,53.91999816894531
FFM-ENT-PS to PI Ratio HSI,PURWOKERTO,reg,53.029998779296875
FFM-ENT-PS to PI Ratio HSI,SEMARANG,reg,36.84000015258789
FFM-ENT-PS to PI Ratio HSI,SOLO,reg,61.7599983215332
FFM-ENT-PS to PI Ratio HSI,YOGYAKARTA,reg,52.130001068115234
FFM-ENT-PS to PI Ratio HSI,DENPASAR,reg,23.610000610351562
FFM-ENT-PS to PI Ratio HSI,JEMBER,reg,71.19000244140625
FFM-ENT-PS to PI Ratio HSI,KEDIRI,reg,69.62000274658203
FFM-ENT-PS to PI Ratio HSI,MADIUN,reg,56.45000076293945
FFM-ENT-PS to PI Ratio HSI,MADURA,reg,43.880001068115234
FFM-ENT-PS to PI Ratio HSI,MALANG,reg,43.040000915527344
FFM-ENT-PS to PI Ratio HSI,NTB,reg,36.7400016784668
FFM-ENT-PS to PI Ratio HSI,NTT,reg,29.700000762939453
FFM-ENT-PS to PI Ratio HSI,PASURUAN,reg,85.70999908447266
FFM-ENT-PS to PI Ratio HSI,SIDOARJO,reg,52.869998931884766
FFM-ENT-PS to PI Ratio HSI,SINGARAJA,reg,27.690000534057617
FFM-ENT-PS to PI Ratio HSI,SURABAYA SELATAN,reg,68.97000122070312
FFM-ENT-PS to PI Ratio HSI,SURABAYA UTARA,reg,64.12000274658203
FFM-ENT-TTR Fulfillment Guarantee 3 jam HSI,REGIONAL 01,reg,56
FFM-ENT-TTR Fulfillment Guarantee 3 jam HSI,REGIONAL 02,reg,79.0999984741211
FFM-ENT-TTR Fulfillment Guarantee 3 jam HSI,REGIONAL 03,reg,92
FFM-ENT-TTR Fulfillment Guarantee 3 jam HSI,REGIONAL 04,reg,66.66999816894531
FFM-ENT-TTR Fulfillment Guarantee 3 jam HSI,REGIONAL 05,reg,67.5
FFM-ENT-TTR Fulfillment Guarantee 3 jam HSI,REGIONAL 06,reg,55.560001373291016
FFM-ENT-TTR Fulfillment Guarantee 3 jam HSI,REGIONAL 07,reg,23.530000686645508
FFM-ENT-TTR Fulfillment Guarantee 3 jam HSI,KUDUS,reg,66.66999816894531
FFM-ENT-TTR Fulfillment Guarantee 3 jam HSI,MAGELANG,reg,66.66999816894531
FFM-ENT-TTR Fulfillment Guarantee 3 jam HSI,PEKALONGAN,reg,100
FFM-ENT-TTR Fulfillment Guarantee 3 jam HSI,PURWOKERTO,reg,100
FFM-ENT-TTR Fulfillment Guarantee 3 jam HSI,SEMARANG,reg,66.66999816894531
FFM-ENT-TTR Fulfillment Guarantee 3 jam HSI,SOLO,reg,33.33000183105469
FFM-ENT-TTR Fulfillment Guarantee 3 jam HSI,YOGYAKARTA,reg,50
FFM-ENT-TTR Fulfillment Guarantee 3 jam HSI,DENPASAR,reg,80
FFM-ENT-TTR Fulfillment Guarantee 3 jam HSI,JEMBER,reg,100
FFM-ENT-TTR Fulfillment Guarantee 3 jam HSI,KEDIRI,reg,0
FFM-ENT-TTR Fulfillment Guarantee 3 jam HSI,MADIUN,reg,100
FFM-ENT-TTR Fulfillment Guarantee 3 jam HSI,MADURA,reg,80
FFM-ENT-TTR Fulfillment Guarantee 3 jam HSI,MALANG,reg,100
FFM-ENT-TTR Fulfillment Guarantee 3 jam HSI,NTB,reg,50
FFM-ENT-TTR Fulfillment Guarantee 3 jam HSI,NTT,reg,50
FFM-ENT-TTR Fulfillment Guarantee 3 jam HSI,PASURUAN,reg,100
FFM-ENT-TTR Fulfillment Guarantee 3 jam HSI,SIDOARJO,reg,33.33000183105469
FFM-ENT-TTR Fulfillment Guarantee 3 jam HSI,SINGARAJA,reg,100
FFM-ENT-TTR Fulfillment Guarantee 3 jam HSI,SURABAYA SELATAN,reg,100
FFM-ENT-TTR Fulfillment Guarantee 3 jam HSI,SURABAYA UTARA,reg,60
FFM-WHF-TTI Compliance,REGIONAL 01,reg,93.0999984741211
FFM-WHF-TTI Compliance,REGIONAL 02,reg,97.61000061035156
FFM-WHF-TTI Compliance,REGIONAL 03,reg,97.94999694824219
FFM-WHF-TTI Compliance,REGIONAL 04,reg,94.55999755859375
FFM-WHF-TTI Compliance,REGIONAL 05,reg,96.13999938964844
FFM-WHF-TTI Compliance,REGIONAL 06,reg,94.19000244140625
FFM-WHF-TTI Compliance,REGIONAL 07,reg,87.41000366210938
FFM-WHF-TTI Compliance,KUDUS,reg,95.77999877929688
FFM-WHF-TTI Compliance,MAGELANG,reg,93.33000183105469
FFM-WHF-TTI Compliance,PEKALONGAN,reg,94.55000305175781
FFM-WHF-TTI Compliance,PURWOKERTO,reg,94.26000213623047
FFM-WHF-TTI Compliance,SEMARANG,reg,95.4000015258789
FFM-WHF-TTI Compliance,SOLO,reg,94.55999755859375
FFM-WHF-TTI Compliance,YOGYAKARTA,reg,94.12000274658203
FFM-WHF-TTI Compliance,DENPASAR,reg,94.94999694824219
FFM-WHF-TTI Compliance,JEMBER,reg,99.6500015258789
FFM-WHF-TTI Compliance,KEDIRI,reg,97.47000122070312
FFM-WHF-TTI Compliance,MADIUN,reg,96.12999725341797
FFM-WHF-TTI Compliance,MADURA,reg,97.83999633789062
FFM-WHF-TTI Compliance,MALANG,reg,98.72000122070312
FFM-WHF-TTI Compliance,NTB,reg,91.73999786376953
FFM-WHF-TTI Compliance,NTT,reg,79.68000030517578
FFM-WHF-TTI Compliance,PASURUAN,reg,98.76000213623047
FFM-WHF-TTI Compliance,SIDOARJO,reg,98.83999633789062
FFM-WHF-TTI Compliance,SINGARAJA,reg,95.16999816894531
FFM-WHF-TTI Compliance,SURABAYA SELATAN,reg,98.08999633789062
FFM-WHF-TTI Compliance,SURABAYA UTARA,reg,98.69000244140625
FFM-WHF-Fulfillment Guarantee Compliance,REGIONAL 01,reg,98.7300033569336
FFM-WHF-Fulfillment Guarantee Compliance,REGIONAL 02,reg,98.95999908447266
FFM-WHF-Fulfillment Guarantee Compliance,REGIONAL 03,reg,98.55000305175781
FFM-WHF-Fulfillment Guarantee Compliance,REGIONAL 04,reg,99.37000274658203
FFM-WHF-Fulfillment Guarantee Compliance,REGIONAL 05,reg,98.75
FFM-WHF-Fulfillment Guarantee Compliance,REGIONAL 06,reg,98.94999694824219
FFM-WHF-Fulfillment Guarantee Compliance,REGIONAL 07,reg,98.58999633789062
FFM-WHF-Fulfillment Guarantee Compliance,KUDUS,reg,99.19000244140625
FFM-WHF-Fulfillment Guarantee Compliance,MAGELANG,reg,97.97000122070312
FFM-WHF-Fulfillment Guarantee Compliance,PEKALONGAN,reg,99.4800033569336
FFM-WHF-Fulfillment Guarantee Compliance,PURWOKERTO,reg,99.5999984741211
FFM-WHF-Fulfillment Guarantee Compliance,SEMARANG,reg,99.7699966430664
FFM-WHF-Fulfillment Guarantee Compliance,SOLO,reg,99.80999755859375
FFM-WHF-Fulfillment Guarantee Compliance,YOGYAKARTA,reg,99.36000061035156
FFM-WHF-Fulfillment Guarantee Compliance,DENPASAR,reg,97.80999755859375
FFM-WHF-Fulfillment Guarantee Compliance,JEMBER,reg,99.88999938964844
FFM-WHF-Fulfillment Guarantee Compliance,KEDIRI,reg,99
FFM-WHF-Fulfillment Guarantee Compliance,MADIUN,reg,98.47000122070312
FFM-WHF-Fulfillment Guarantee Compliance,MADURA,reg,98.4000015258789
FFM-WHF-Fulfillment Guarantee Compliance,MALANG,reg,99.45999908447266
FFM-WHF-Fulfillment Guarantee Compliance,NTB,reg,96.80999755859375
FFM-WHF-Fulfillment Guarantee Compliance,NTT,reg,97.63999938964844
FFM-WHF-Fulfillment Guarantee Compliance,PASURUAN,reg,99.19000244140625
FFM-WHF-Fulfillment Guarantee Compliance,SIDOARJO,reg,99.1500015258789
FFM-WHF-Fulfillment Guarantee Compliance,SINGARAJA,reg,98.73999786376953
FFM-WHF-Fulfillment Guarantee Compliance,SURABAYA SELATAN,reg,99.05999755859375
FFM-WHF-Fulfillment Guarantee Compliance,SURABAYA UTARA,reg,99.38999938964844
FFM-WHF-TTR Fulfillment Guarantee Compliance,REGIONAL 01,reg,94.51000213623047
FFM-WHF-TTR Fulfillment Guarantee Compliance,REGIONAL 02,reg,98.56999969482422
FFM-WHF-TTR Fulfillment Guarantee Compliance,REGIONAL 03,reg,98.9800033569336
FFM-WHF-TTR Fulfillment Guarantee Compliance,REGIONAL 04,reg,97.83000183105469
FFM-WHF-TTR Fulfillment Guarantee Compliance,REGIONAL 05,reg,94.73999786376953
FFM-WHF-TTR Fulfillment Guarantee Compliance,REGIONAL 06,reg,91.9800033569336
FFM-WHF-TTR Fulfillment Guarantee Compliance,REGIONAL 07,reg,84.66999816894531
FFM-WHF-TTR Fulfillment Guarantee Compliance,KUDUS,reg,100
FFM-WHF-TTR Fulfillment Guarantee Compliance,MAGELANG,reg,97.22000122070312
FFM-WHF-TTR Fulfillment Guarantee Compliance,PEKALONGAN,reg,88.88999938964844
FFM-WHF-TTR Fulfillment Guarantee Compliance,PURWOKERTO,reg,100
FFM-WHF-TTR Fulfillment Guarantee Compliance,SEMARANG,reg,100
FFM-WHF-TTR Fulfillment Guarantee Compliance,SOLO,reg,100
FFM-WHF-TTR Fulfillment Guarantee Compliance,YOGYAKARTA,reg,100
FFM-WHF-TTR Fulfillment Guarantee Compliance,DENPASAR,reg,93.0999984741211
FFM-WHF-TTR Fulfillment Guarantee Compliance,JEMBER,reg,100
FFM-WHF-TTR Fulfillment Guarantee Compliance,KEDIRI,reg,90
FFM-WHF-TTR Fulfillment Guarantee Compliance,MADIUN,reg,93.75
FFM-WHF-TTR Fulfillment Guarantee Compliance,MADURA,reg,95.23999786376953
FFM-WHF-TTR Fulfillment Guarantee Compliance,MALANG,reg,100
FFM-WHF-TTR Fulfillment Guarantee Compliance,NTB,reg,91.37999725341797
FFM-WHF-TTR Fulfillment Guarantee Compliance,NTT,reg,86.83999633789062
FFM-WHF-TTR Fulfillment Guarantee Compliance,PASURUAN,reg,100
FFM-WHF-TTR Fulfillment Guarantee Compliance,SIDOARJO,reg,100
FFM-WHF-TTR Fulfillment Guarantee Compliance,SINGARAJA,reg,94.73999786376953
FFM-WHF-TTR Fulfillment Guarantee Compliance,SURABAYA SELATAN,reg,100
FFM-WHF-TTR Fulfillment Guarantee Compliance,SURABAYA UTARA,reg,100
ASR-ENT-TTR Compliance K1 DATIN 1.5 Jam,REGIONAL 01,reg,nan
ASR-ENT-TTR Compliance K1 DATIN 1.5 Jam,REGIONAL 02,reg,nan
ASR-ENT-TTR Compliance K1 DATIN 1.5 Jam,REGIONAL 03,reg,nan
ASR-ENT-TTR Compliance K1 DATIN 1.5 Jam,REGIONAL 04,reg,nan
ASR-ENT-TTR Compliance K1 DATIN 1.5 Jam,REGIONAL 05,reg,nan
ASR-ENT-TTR Compliance K1 DATIN 1.5 Jam,REGIONAL 06,reg,nan
ASR-ENT-TTR Compliance K1 DATIN 1.5 Jam,REGIONAL 07,reg,nan
ASR-ENT-TTR Compliance K1 DATIN 1.5 Jam,KUDUS,reg,nan
ASR-ENT-TTR Compliance K1 DATIN 1.5 Jam,MAGELANG,reg,nan
ASR-ENT-TTR Compliance K1 DATIN 1.5 Jam,PEKALONGAN,reg,nan
ASR-ENT-TTR Compliance K1 DATIN 1.5 Jam,PURWOKERTO,reg,nan
ASR-ENT-TTR Compliance K1 DATIN 1.5 Jam,SEMARANG,reg,nan
ASR-ENT-TTR Compliance K1 DATIN 1.5 Jam,SOLO,reg,nan
ASR-ENT-TTR Compliance K1 DATIN 1.5 Jam,YOGYAKARTA,reg,nan
ASR-ENT-TTR Compliance K1 DATIN 1.5 Jam,DENPASAR,reg,nan
ASR-ENT-TTR Compliance K1 DATIN 1.5 Jam,JEMBER,reg,nan
ASR-ENT-TTR Compliance K1 DATIN 1.5 Jam,KEDIRI,reg,nan
ASR-ENT-TTR Compliance K1 DATIN 1.5 Jam,MADIUN,reg,nan
ASR-ENT-TTR Compliance K1 DATIN 1.5 Jam,MADURA,reg,nan
ASR-ENT-TTR Compliance K1 DATIN 1.5 Jam,MALANG,reg,nan
ASR-ENT-TTR Compliance K1 DATIN 1.5 Jam,NTB,reg,nan
ASR-ENT-TTR Compliance K1 DATIN 1.5 Jam,NTT,reg,nan
ASR-ENT-TTR Compliance K1 DATIN 1.5 Jam,PASURUAN,reg,nan
ASR-ENT-TTR Compliance K1 DATIN 1.5 Jam,SIDOARJO,reg,nan
ASR-ENT-TTR Compliance K1 DATIN 1.5 Jam,SINGARAJA,reg,nan
ASR-ENT-TTR Compliance K1 DATIN 1.5 Jam,SURABAYA SELATAN,reg,nan
ASR-ENT-TTR Compliance K1 DATIN 1.5 Jam,SURABAYA UTARA,reg,nan
ASR-ENT-TTR Compliance K2 dan K1 Repair DATIN 3.6 Jam,REGIONAL 01,reg,80.30
ASR-ENT-TTR Compliance K2 dan K1 Repair DATIN 3.6 Jam,REGIONAL 02,reg,80.56
ASR-ENT-TTR Compliance K2 dan K1 Repair DATIN 3.6 Jam,REGIONAL 03,reg,84.09
ASR-ENT-TTR Compliance K2 dan K1 Repair DATIN 3.6 Jam,REGIONAL 04,reg,92.00
ASR-ENT-TTR Compliance K2 dan K1 Repair DATIN 3.6 Jam,REGIONAL 05,reg,83.13
ASR-ENT-TTR Compliance K2 dan K1 Repair DATIN 3.6 Jam,REGIONAL 06,reg,77.19
ASR-ENT-TTR Compliance K2 dan K1 Repair DATIN 3.6 Jam,REGIONAL 07,reg,65.79
ASR-ENT-TTR Compliance K2 dan K1 Repair DATIN 3.6 Jam,KUDUS,reg,100.00
ASR-ENT-TTR Compliance K2 dan K1 Repair DATIN 3.6 Jam,MAGELANG,reg,75.00
ASR-ENT-TTR Compliance K2 dan K1 Repair DATIN 3.6 Jam,PEKALONGAN,reg,90.00
ASR-ENT-TTR Compliance K2 dan K1 Repair DATIN 3.6 Jam,PURWOKERTO,reg,66.67
ASR-ENT-TTR Compliance K2 dan K1 Repair DATIN 3.6 Jam,SEMARANG,reg,92.31
ASR-ENT-TTR Compliance K2 dan K1 Repair DATIN 3.6 Jam,SOLO,reg,100.00
ASR-ENT-TTR Compliance K2 dan K1 Repair DATIN 3.6 Jam,YOGYAKARTA,reg,100.00
ASR-ENT-TTR Compliance K2 dan K1 Repair DATIN 3.6 Jam,DENPASAR,reg,86.67
ASR-ENT-TTR Compliance K2 dan K1 Repair DATIN 3.6 Jam,JEMBER,reg,100.00
ASR-ENT-TTR Compliance K2 dan K1 Repair DATIN 3.6 Jam,KEDIRI,reg,50.00
ASR-ENT-TTR Compliance K2 dan K1 Repair DATIN 3.6 Jam,MADIUN,reg,83.33
ASR-ENT-TTR Compliance K2 dan K1 Repair DATIN 3.6 Jam,MADURA,reg,85.71
ASR-ENT-TTR Compliance K2 dan K1 Repair DATIN 3.6 Jam,MALANG,reg,100.00
ASR-ENT-TTR Compliance K2 dan K1 Repair DATIN 3.6 Jam,NTB,reg,83.33
ASR-ENT-TTR Compliance K2 dan K1 Repair DATIN 3.6 Jam,NTT,reg,83.33
ASR-ENT-TTR Compliance K2 dan K1 Repair DATIN 3.6 Jam,PASURUAN,reg,81.82
ASR-ENT-TTR Compliance K2 dan K1 Repair DATIN 3.6 Jam,SIDOARJO,reg,100.00
ASR-ENT-TTR Compliance K2 dan K1 Repair DATIN 3.6 Jam,SINGARAJA,reg,50.00
ASR-ENT-TTR Compliance K2 dan K1 Repair DATIN 3.6 Jam,SURABAYA SELATAN,reg,100.00
ASR-ENT-TTR Compliance K2 dan K1 Repair DATIN 3.6 Jam,SURABAYA UTARA,reg,75.00
ASR-ENT-TTR Compliance K3 DATIN 7.2 Jam,REGIONAL 01,reg,94.12
ASR-ENT-TTR Compliance K3 DATIN 7.2 Jam,REGIONAL 02,reg,90.78
ASR-ENT-TTR Compliance K3 DATIN 7.2 Jam,REGIONAL 03,reg,93.02
ASR-ENT-TTR Compliance K3 DATIN 7.2 Jam,REGIONAL 04,reg,96.83
ASR-ENT-TTR Compliance K3 DATIN 7.2 Jam,REGIONAL 05,reg,90.30
ASR-ENT-TTR Compliance K3 DATIN 7.2 Jam,REGIONAL 06,reg,82.42
ASR-ENT-TTR Compliance K3 DATIN 7.2 Jam,REGIONAL 07,reg,66.67
ASR-ENT-TTR Compliance K3 DATIN 7.2 Jam,KUDUS,reg,100.00
ASR-ENT-TTR Compliance K3 DATIN 7.2 Jam,MAGELANG,reg,100.00
ASR-ENT-TTR Compliance K3 DATIN 7.2 Jam,PEKALONGAN,reg,100.00
ASR-ENT-TTR Compliance K3 DATIN 7.2 Jam,PURWOKERTO,reg,100.00
ASR-ENT-TTR Compliance K3 DATIN 7.2 Jam,SEMARANG,reg,100.00
ASR-ENT-TTR Compliance K3 DATIN 7.2 Jam,SOLO,reg,100.00
ASR-ENT-TTR Compliance K3 DATIN 7.2 Jam,YOGYAKARTA,reg,77.78
ASR-ENT-TTR Compliance K3 DATIN 7.2 Jam,DENPASAR,reg,100.00
ASR-ENT-TTR Compliance K3 DATIN 7.2 Jam,JEMBER,reg,85.71
ASR-ENT-TTR Compliance K3 DATIN 7.2 Jam,KEDIRI,reg,80.00
ASR-ENT-TTR Compliance K3 DATIN 7.2 Jam,MADIUN,reg,100.00
ASR-ENT-TTR Compliance K3 DATIN 7.2 Jam,MADURA,reg,100.00
ASR-ENT-TTR Compliance K3 DATIN 7.2 Jam,MALANG,reg,100.00
ASR-ENT-TTR Compliance K3 DATIN 7.2 Jam,NTB,reg,89.47
ASR-ENT-TTR Compliance K3 DATIN 7.2 Jam,NTT,reg,87.50
ASR-ENT-TTR Compliance K3 DATIN 7.2 Jam,PASURUAN,reg,100.00
ASR-ENT-TTR Compliance K3 DATIN 7.2 Jam,SIDOARJO,reg,100.00
ASR-ENT-TTR Compliance K3 DATIN 7.2 Jam,SINGARAJA,reg,77.78
ASR-ENT-TTR Compliance K3 DATIN 7.2 Jam,SURABAYA SELATAN,reg,88.89
ASR-ENT-TTR Compliance K3 DATIN 7.2 Jam,SURABAYA UTARA,reg,83.33
ASR-ENT-TTR Compliance WiFi,REGIONAL 01,reg,96.30000305175781
ASR-ENT-TTR Compliance WiFi,REGIONAL 02,reg,98.77999877929688
ASR-ENT-TTR Compliance WiFi,REGIONAL 03,reg,98.7300033569336
ASR-ENT-TTR Compliance WiFi,REGIONAL 04,reg,97.26000213623047
ASR-ENT-TTR Compliance WiFi,REGIONAL 05,reg,94.29000091552734
ASR-ENT-TTR Compliance WiFi,REGIONAL 06,reg,81.81999969482422
ASR-ENT-TTR Compliance WiFi,REGIONAL 07,reg,82.41000366210938
ASR-ENT-TTR Compliance WiFi,KUDUS,reg,100
ASR-ENT-TTR Compliance WiFi,MAGELANG,reg,100
ASR-ENT-TTR Compliance WiFi,PEKALONGAN,reg,100
ASR-ENT-TTR Compliance WiFi,PURWOKERTO,reg,100
ASR-ENT-TTR Compliance WiFi,SEMARANG,reg,97.05999755859375
ASR-ENT-TTR Compliance WiFi,SOLO,reg,91.66999816894531
ASR-ENT-TTR Compliance WiFi,YOGYAKARTA,reg,96.43000030517578
ASR-ENT-TTR Compliance WiFi,DENPASAR,reg,77.77999877929688
ASR-ENT-TTR Compliance WiFi,JEMBER,reg,100
ASR-ENT-TTR Compliance WiFi,KEDIRI,,
ASR-ENT-TTR Compliance WiFi,MADIUN,reg,100
ASR-ENT-TTR Compliance WiFi,MADURA,reg,100
ASR-ENT-TTR Compliance WiFi,MALANG,reg,100
ASR-ENT-TTR Compliance WiFi,NTB,reg,88.23999786376953
ASR-ENT-TTR Compliance WiFi,NTT,reg,94.73999786376953
ASR-ENT-TTR Compliance WiFi,PASURUAN,reg,100
ASR-ENT-TTR Compliance WiFi,SIDOARJO,reg,100
ASR-ENT-TTR Compliance WiFi,SINGARAJA,reg,100
ASR-ENT-TTR Compliance WiFi,SURABAYA SELATAN,reg,100
ASR-ENT-TTR Compliance WiFi,SURABAYA UTARA,reg,93.33000183105469
ASR-WHF-Assurance Guarantee,REGIONAL 01,reg,91.31999969482422
ASR-WHF-Assurance Guarantee,REGIONAL 02,reg,94.11000061035156
ASR-WHF-Assurance Guarantee,REGIONAL 03,reg,94.12000274658203
ASR-WHF-Assurance Guarantee,REGIONAL 04,reg,94.01000213623047
ASR-WHF-Assurance Guarantee,REGIONAL 05,reg,92.43000030517578
ASR-WHF-Assurance Guarantee,REGIONAL 06,reg,94.47000122070312
ASR-WHF-Assurance Guarantee,REGIONAL 07,reg,91.4800033569336
ASR-WHF-Assurance Guarantee,KUDUS,reg,93.44999694824219
ASR-WHF-Assurance Guarantee,MAGELANG,reg,92.37000274658203
ASR-WHF-Assurance Guarantee,PEKALONGAN,reg,95.2699966430664
ASR-WHF-Assurance Guarantee,PURWOKERTO,reg,94.0199966430664
ASR-WHF-Assurance Guarantee,SEMARANG,reg,93.0199966430664
ASR-WHF-Assurance Guarantee,SOLO,reg,95.19000244140625
ASR-WHF-Assurance Guarantee,YOGYAKARTA,reg,94.66999816894531
ASR-WHF-Assurance Guarantee,DENPASAR,reg,93.19999694824219
ASR-WHF-Assurance Guarantee,JEMBER,reg,97.12000274658203
ASR-WHF-Assurance Guarantee,KEDIRI,reg,94.76000213623047
ASR-WHF-Assurance Guarantee,MADIUN,reg,94.5
ASR-WHF-Assurance Guarantee,MADURA,reg,88.27999877929688
ASR-WHF-Assurance Guarantee,MALANG,reg,95.4000015258789
ASR-WHF-Assurance Guarantee,NTB,reg,88.12999725341797
ASR-WHF-Assurance Guarantee,NTT,reg,86.66999816894531
ASR-WHF-Assurance Guarantee,PASURUAN,reg,96.30000305175781
ASR-WHF-Assurance Guarantee,SIDOARJO,reg,94.20999908447266
ASR-WHF-Assurance Guarantee,SINGARAJA,reg,92.55999755859375
ASR-WHF-Assurance Guarantee,SURABAYA SELATAN,reg,94.12999725341797
ASR-WHF-Assurance Guarantee,SURABAYA UTARA,reg,93.36000061035156
ASR-WHF-TTR Comply 3H (D,V),REGIONAL 01,reg,96.2300033569336
ASR-WHF-TTR Comply 3H (D,V),REGIONAL 02,reg,97.41000366210938
ASR-WHF-TTR Comply 3H (D,V),REGIONAL 03,reg,100
ASR-WHF-TTR Comply 3H (D,V),REGIONAL 04,reg,96.97000122070312
ASR-WHF-TTR Comply 3H (D,V),REGIONAL 05,reg,100
ASR-WHF-TTR Comply 3H (D,V),REGIONAL 06,reg,98.72000122070312
ASR-WHF-TTR Comply 3H (D,V),REGIONAL 07,reg,84.44000244140625
ASR-WHF-TTR Comply 3H (D,V),KUDUS,reg,100
ASR-WHF-TTR Comply 3H (D,V),MAGELANG,reg,100
ASR-WHF-TTR Comply 3H (D,V),PEKALONGAN,reg,100
ASR-WHF-TTR Comply 3H (D,V),PURWOKERTO,reg,100
ASR-WHF-TTR Comply 3H (D,V),SEMARANG,reg,100
ASR-WHF-TTR Comply 3H (D,V),SOLO,reg,93.33000183105469
ASR-WHF-TTR Comply 3H (D,V),YOGYAKARTA,reg,100
ASR-WHF-TTR Comply 3H (D,V),DENPASAR,reg,100
ASR-WHF-TTR Comply 3H (D,V),JEMBER,reg,100
ASR-WHF-TTR Comply 3H (D,V),KEDIRI,reg,100
ASR-WHF-TTR Comply 3H (D,V),MADIUN,reg,100
ASR-WHF-TTR Comply 3H (D,V),MADURA,reg,100
ASR-WHF-TTR Comply 3H (D,V),MALANG,reg,100
ASR-WHF-TTR Comply 3H (D,V),NTB,reg,100
ASR-WHF-TTR Comply 3H (D,V),NTT,reg,100
ASR-WHF-TTR Comply 3H (D,V),PASURUAN,reg,100
ASR-WHF-TTR Comply 3H (D,V),SIDOARJO,reg,100
ASR-WHF-TTR Comply 3H (D,V),SINGARAJA,reg,100
ASR-WHF-TTR Comply 3H (D,V),SURABAYA SELATAN,reg,100
ASR-WHF-TTR Comply 3H (D,V),SURABAYA UTARA,reg,100
ASR-WHF-TTR Comply 6H (P),REGIONAL 01,reg,97.86000061035156
ASR-WHF-TTR Comply 6H (P),REGIONAL 02,reg,98.62999725341797
ASR-WHF-TTR Comply 6H (P),REGIONAL 03,reg,99.26000213623047
ASR-WHF-TTR Comply 6H (P),REGIONAL 04,reg,100
ASR-WHF-TTR Comply 6H (P),REGIONAL 05,reg,95.7699966430664
ASR-WHF-TTR Comply 6H (P),REGIONAL 06,reg,97.83000183105469
ASR-WHF-TTR Comply 6H (P),REGIONAL 07,reg,82.91000366210938
ASR-WHF-TTR Comply 6H (P),KUDUS,reg,100
ASR-WHF-TTR Comply 6H (P),MAGELANG,reg,100
ASR-WHF-TTR Comply 6H (P),PEKALONGAN,reg,100
ASR-WHF-TTR Comply 6H (P),PURWOKERTO,reg,100
ASR-WHF-TTR Comply 6H (P),SEMARANG,reg,100
ASR-WHF-TTR Comply 6H (P),SOLO,reg,100
ASR-WHF-TTR Comply 6H (P),YOGYAKARTA,reg,100
ASR-WHF-TTR Comply 6H (P),DENPASAR,reg,88.30000305175781
ASR-WHF-TTR Comply 6H (P),JEMBER,reg,100
ASR-WHF-TTR Comply 6H (P),KEDIRI,reg,100
ASR-WHF-TTR Comply 6H (P),MADIUN,reg,100
ASR-WHF-TTR Comply 6H (P),MADURA,reg,94.73999786376953
ASR-WHF-TTR Comply 6H (P),MALANG,reg,100
ASR-WHF-TTR Comply 6H (P),NTB,reg,97.87000274658203
ASR-WHF-TTR Comply 6H (P),NTT,reg,93.80999755859375
ASR-WHF-TTR Comply 6H (P),PASURUAN,reg,100
ASR-WHF-TTR Comply 6H (P),SIDOARJO,reg,100
ASR-WHF-TTR Comply 6H (P),SINGARAJA,reg,96.87999725341797
ASR-WHF-TTR Comply 6H (P),SURABAYA SELATAN,reg,100
ASR-WHF-TTR Comply 6H (P),SURABAYA UTARA,reg,95.91999816894531
ASR-WHF-TTR Comply 36H (Non HVC),REGIONAL 01,reg,98.72000122070312
ASR-WHF-TTR Comply 36H (Non HVC),REGIONAL 02,reg,99.6500015258789
ASR-WHF-TTR Comply 36H (Non HVC),REGIONAL 03,reg,100
ASR-WHF-TTR Comply 36H (Non HVC),REGIONAL 04,reg,99.87999725341797
ASR-WHF-TTR Comply 36H (Non HVC),REGIONAL 05,reg,99.44000244140625
ASR-WHF-TTR Comply 36H (Non HVC),REGIONAL 06,reg,99.51000213623047
ASR-WHF-TTR Comply 36H (Non HVC),REGIONAL 07,reg,94.63999938964844
ASR-WHF-TTR Comply 36H (Non HVC),KUDUS,reg,99.69000244140625
ASR-WHF-TTR Comply 36H (Non HVC),MAGELANG,reg,99.87000274658203
ASR-WHF-TTR Comply 36H (Non HVC),PEKALONGAN,reg,100
ASR-WHF-TTR Comply 36H (Non HVC),PURWOKERTO,reg,99.77999877929688
ASR-WHF-TTR Comply 36H (Non HVC),SEMARANG,reg,100
ASR-WHF-TTR Comply 36H (Non HVC),SOLO,reg,99.88999938964844
ASR-WHF-TTR Comply 36H (Non HVC),YOGYAKARTA,reg,99.83000183105469
ASR-WHF-TTR Comply 36H (Non HVC),DENPASAR,reg,98.73999786376953
ASR-WHF-TTR Comply 36H (Non HVC),JEMBER,reg,100
ASR-WHF-TTR Comply 36H (Non HVC),KEDIRI,reg,100
ASR-WHF-TTR Comply 36H (Non HVC),MADIUN,reg,99.8499984741211
ASR-WHF-TTR Comply 36H (Non HVC),MADURA,reg,100
ASR-WHF-TTR Comply 36H (Non HVC),MALANG,reg,99.83999633789062
ASR-WHF-TTR Comply 36H (Non HVC),NTB,reg,100
ASR-WHF-TTR Comply 36H (Non HVC),NTT,reg,97.02999877929688
ASR-WHF-TTR Comply 36H (Non HVC),PASURUAN,reg,100
ASR-WHF-TTR Comply 36H (Non HVC),SIDOARJO,reg,100
ASR-WHF-TTR Comply 36H (Non HVC),SINGARAJA,reg,98.47000122070312
ASR-WHF-TTR Comply 36H (Non HVC),SURABAYA SELATAN,reg,99.87999725341797
ASR-WHF-TTR Comply 36H (Non HVC),SURABAYA UTARA,reg,99.93000030517578
ASR-WHF-TTR Comply 3H Manja,REGIONAL 01,reg,98.06999969482422
ASR-WHF-TTR Comply 3H Manja,REGIONAL 02,reg,98.0199966430664
ASR-WHF-TTR Comply 3H Manja,REGIONAL 03,reg,99.38999938964844
ASR-WHF-TTR Comply 3H Manja,REGIONAL 04,reg,99.11000061035156
ASR-WHF-TTR Comply 3H Manja,REGIONAL 05,reg,97.61000061035156
ASR-WHF-TTR Comply 3H Manja,REGIONAL 06,reg,97.20999908447266
ASR-WHF-TTR Comply 3H Manja,REGIONAL 07,reg,96.41999816894531
ASR-WHF-TTR Comply 3H Manja,KUDUS,reg,96.31999969482422
ASR-WHF-TTR Comply 3H Manja,MAGELANG,reg,100
ASR-WHF-TTR Comply 3H Manja,PEKALONGAN,reg,100
ASR-WHF-TTR Comply 3H Manja,PURWOKERTO,reg,100
ASR-WHF-TTR Comply 3H Manja,SEMARANG,reg,99.58000183105469
ASR-WHF-TTR Comply 3H Manja,SOLO,reg,100
ASR-WHF-TTR Comply 3H Manja,YOGYAKARTA,reg,100
ASR-WHF-TTR Comply 3H Manja,DENPASAR,reg,85.70999908447266
ASR-WHF-TTR Comply 3H Manja,JEMBER,reg,100
ASR-WHF-TTR Comply 3H Manja,KEDIRI,reg,100
ASR-WHF-TTR Comply 3H Manja,MADIUN,reg,97.33000183105469
ASR-WHF-TTR Comply 3H Manja,MADURA,reg,100
ASR-WHF-TTR Comply 3H Manja,MALANG,reg,97.7300033569336
ASR-WHF-TTR Comply 3H Manja,NTB,reg,98.66999816894531
ASR-WHF-TTR Comply 3H Manja,NTT,reg,83.51000213623047
ASR-WHF-TTR Comply 3H Manja,PASURUAN,reg,100
ASR-WHF-TTR Comply 3H Manja,SIDOARJO,reg,100
ASR-WHF-TTR Comply 3H Manja,SINGARAJA,reg,100
ASR-WHF-TTR Comply 3H Manja,SURABAYA SELATAN,reg,98.7300033569336
ASR-WHF-TTR Comply 3H Manja,SURABAYA UTARA,reg,98.80999755859375
ASR-ENT-Compliance-Time to Recover IndiBiz-4 jam,REGIONAL 01,reg,71.4000015258789
ASR-ENT-Compliance-Time to Recover IndiBiz-4 jam,REGIONAL 02,reg,65
ASR-ENT-Compliance-Time to Recover IndiBiz-4 jam,REGIONAL 03,reg,66
ASR-ENT-Compliance-Time to Recover IndiBiz-4 jam,REGIONAL 04,reg,71.19999694824219
ASR-ENT-Compliance-Time to Recover IndiBiz-4 jam,REGIONAL 05,reg,59.599998474121094
ASR-ENT-Compliance-Time to Recover IndiBiz-4 jam,REGIONAL 06,reg,68.69999694824219
ASR-ENT-Compliance-Time to Recover IndiBiz-4 jam,REGIONAL 07,reg,38.29999923706055
ASR-ENT-Compliance-Time to Recover IndiBiz-4 jam,KUDUS,reg,67
ASR-ENT-Compliance-Time to Recover IndiBiz-4 jam,MAGELANG,reg,90.30000305175781
ASR-ENT-Compliance-Time to Recover IndiBiz-4 jam,PEKALONGAN,reg,63.29999923706055
ASR-ENT-Compliance-Time to Recover IndiBiz-4 jam,PURWOKERTO,reg,68.19999694824219
ASR-ENT-Compliance-Time to Recover IndiBiz-4 jam,SEMARANG,reg,75.80000305175781
ASR-ENT-Compliance-Time to Recover IndiBiz-4 jam,SOLO,reg,77.9000015258789
ASR-ENT-Compliance-Time to Recover IndiBiz-4 jam,YOGYAKARTA,reg,61
ASR-ENT-Compliance-Time to Recover IndiBiz-4 jam,DENPASAR,reg,47.099998474121094
ASR-ENT-Compliance-Time to Recover IndiBiz-4 jam,JEMBER,reg,91.69999694824219
ASR-ENT-Compliance-Time to Recover IndiBiz-4 jam,KEDIRI,reg,61.099998474121094
ASR-ENT-Compliance-Time to Recover IndiBiz-4 jam,MADIUN,reg,74.19999694824219
ASR-ENT-Compliance-Time to Recover IndiBiz-4 jam,MADURA,reg,69.4000015258789
ASR-ENT-Compliance-Time to Recover IndiBiz-4 jam,MALANG,reg,91.30000305175781
ASR-ENT-Compliance-Time to Recover IndiBiz-4 jam,NTB,reg,70.5999984741211
ASR-ENT-Compliance-Time to Recover IndiBiz-4 jam,NTT,reg,50
ASR-ENT-Compliance-Time to Recover IndiBiz-4 jam,PASURUAN,reg,93.30000305175781
ASR-ENT-Compliance-Time to Recover IndiBiz-4 jam,SIDOARJO,reg,81
ASR-ENT-Compliance-Time to Recover IndiBiz-4 jam,SINGARAJA,reg,31.100000381469727
ASR-ENT-Compliance-Time to Recover IndiBiz-4 jam,SURABAYA SELATAN,reg,80.69999694824219
ASR-ENT-Compliance-Time to Recover IndiBiz-4 jam,SURABAYA UTARA,reg,50
ASR-ENT-Compliance-Time to Recover IndiBiz-24 jam,REGIONAL 01,reg,97.9000015258789
ASR-ENT-Compliance-Time to Recover IndiBiz-24 jam,REGIONAL 02,reg,95.4000015258789
ASR-ENT-Compliance-Time to Recover IndiBiz-24 jam,REGIONAL 03,reg,97.80000305175781
ASR-ENT-Compliance-Time to Recover IndiBiz-24 jam,REGIONAL 04,reg,96.5
ASR-ENT-Compliance-Time to Recover IndiBiz-24 jam,REGIONAL 05,reg,93.80000305175781
ASR-ENT-Compliance-Time to Recover IndiBiz-24 jam,REGIONAL 06,reg,94.5999984741211
ASR-ENT-Compliance-Time to Recover IndiBiz-24 jam,REGIONAL 07,reg,79.0999984741211
ASR-ENT-Compliance-Time to Recover IndiBiz-24 jam,KUDUS,reg,93.4000015258789
ASR-ENT-Compliance-Time to Recover IndiBiz-24 jam,MAGELANG,reg,100
ASR-ENT-Compliance-Time to Recover IndiBiz-24 jam,PEKALONGAN,reg,95.30000305175781
ASR-ENT-Compliance-Time to Recover IndiBiz-24 jam,PURWOKERTO,reg,97.69999694824219
ASR-ENT-Compliance-Time to Recover IndiBiz-24 jam,SEMARANG,reg,97.4000015258789
ASR-ENT-Compliance-Time to Recover IndiBiz-24 jam,SOLO,reg,98.19999694824219
ASR-ENT-Compliance-Time to Recover IndiBiz-24 jam,YOGYAKARTA,reg,94.9000015258789
ASR-ENT-Compliance-Time to Recover IndiBiz-24 jam,DENPASAR,reg,89.80000305175781
ASR-ENT-Compliance-Time to Recover IndiBiz-24 jam,JEMBER,reg,100
ASR-ENT-Compliance-Time to Recover IndiBiz-24 jam,KEDIRI,reg,100
ASR-ENT-Compliance-Time to Recover IndiBiz-24 jam,MADIUN,reg,98.4000015258789
ASR-ENT-Compliance-Time to Recover IndiBiz-24 jam,MADURA,reg,97.19999694824219
ASR-ENT-Compliance-Time to Recover IndiBiz-24 jam,MALANG,reg,97.80000305175781
ASR-ENT-Compliance-Time to Recover IndiBiz-24 jam,NTB,reg,98.5999984741211
ASR-ENT-Compliance-Time to Recover IndiBiz-24 jam,NTT,reg,82.69999694824219
ASR-ENT-Compliance-Time to Recover IndiBiz-24 jam,PASURUAN,reg,100
ASR-ENT-Compliance-Time to Recover IndiBiz-24 jam,SIDOARJO,reg,99.0999984741211
ASR-ENT-Compliance-Time to Recover IndiBiz-24 jam,SINGARAJA,reg,84.9000015258789
ASR-ENT-Compliance-Time to Recover IndiBiz-24 jam,SURABAYA SELATAN,reg,98.19999694824219
ASR-ENT-Compliance-Time to Recover IndiBiz-24 jam,SURABAYA UTARA,reg,96.69999694824219
ASR-ENT-Compliance-Time to Recover IndiHome Reseller-6 jam,REGIONAL 01,reg,87.30000305175781
ASR-ENT-Compliance-Time to Recover IndiHome Reseller-6 jam,REGIONAL 02,reg,81.30000305175781
ASR-ENT-Compliance-Time to Recover IndiHome Reseller-6 jam,REGIONAL 03,reg,86.80000305175781
ASR-ENT-Compliance-Time to Recover IndiHome Reseller-6 jam,REGIONAL 04,reg,84.9000015258789
ASR-ENT-Compliance-Time to Recover IndiHome Reseller-6 jam,REGIONAL 05,reg,73.30000305175781
ASR-ENT-Compliance-Time to Recover IndiHome Reseller-6 jam,REGIONAL 06,reg,84.5
ASR-ENT-Compliance-Time to Recover IndiHome Reseller-6 jam,REGIONAL 07,reg,53.900001525878906
ASR-ENT-Compliance-Time to Recover IndiHome Reseller-6 jam,KUDUS,reg,77.80000305175781
ASR-ENT-Compliance-Time to Recover IndiHome Reseller-6 jam,MAGELANG,reg,100
ASR-ENT-Compliance-Time to Recover IndiHome Reseller-6 jam,PEKALONGAN,reg,78.5999984741211
ASR-ENT-Compliance-Time to Recover IndiHome Reseller-6 jam,PURWOKERTO,reg,65
ASR-ENT-Compliance-Time to Recover IndiHome Reseller-6 jam,SEMARANG,reg,92
ASR-ENT-Compliance-Time to Recover IndiHome Reseller-6 jam,SOLO,reg,95.69999694824219
ASR-ENT-Compliance-Time to Recover IndiHome Reseller-6 jam,YOGYAKARTA,reg,69.0999984741211
ASR-ENT-Compliance-Time to Recover IndiHome Reseller-6 jam,DENPASAR,reg,60.5
ASR-ENT-Compliance-Time to Recover IndiHome Reseller-6 jam,JEMBER,reg,100
ASR-ENT-Compliance-Time to Recover IndiHome Reseller-6 jam,KEDIRI,reg,75
ASR-ENT-Compliance-Time to Recover IndiHome Reseller-6 jam,MADIUN,reg,94.4000015258789
ASR-ENT-Compliance-Time to Recover IndiHome Reseller-6 jam,MADURA,reg,83.30000305175781
ASR-ENT-Compliance-Time to Recover IndiHome Reseller-6 jam,MALANG,reg,95.19999694824219
ASR-ENT-Compliance-Time to Recover IndiHome Reseller-6 jam,NTB,reg,85.69999694824219
ASR-ENT-Compliance-Time to Recover IndiHome Reseller-6 jam,NTT,reg,55.599998474121094
ASR-ENT-Compliance-Time to Recover IndiHome Reseller-6 jam,PASURUAN,reg,100
ASR-ENT-Compliance-Time to Recover IndiHome Reseller-6 jam,SIDOARJO,reg,85
ASR-ENT-Compliance-Time to Recover IndiHome Reseller-6 jam,SINGARAJA,reg,26.700000762939453
ASR-ENT-Compliance-Time to Recover IndiHome Reseller-6 jam,SURABAYA SELATAN,reg,96.30000305175781
ASR-ENT-Compliance-Time to Recover IndiHome Reseller-6 jam,SURABAYA UTARA,reg,71.30000305175781
ASR-ENT-Compliance-Time to Recover IndiHome Reseller-36 jam,REGIONAL 01,reg,98.0999984741211
ASR-ENT-Compliance-Time to Recover IndiHome Reseller-36 jam,REGIONAL 02,reg,96.80000305175781
ASR-ENT-Compliance-Time to Recover IndiHome Reseller-36 jam,REGIONAL 03,reg,96.5
ASR-ENT-Compliance-Time to Recover IndiHome Reseller-36 jam,REGIONAL 04,reg,98.4000015258789
ASR-ENT-Compliance-Time to Recover IndiHome Reseller-36 jam,REGIONAL 05,reg,97.5999984741211
ASR-ENT-Compliance-Time to Recover IndiHome Reseller-36 jam,REGIONAL 06,reg,97.30000305175781
ASR-ENT-Compliance-Time to Recover IndiHome Reseller-36 jam,REGIONAL 07,reg,91
ASR-ENT-Compliance-Time to Recover IndiHome Reseller-36 jam,KUDUS,reg,96.30000305175781
ASR-ENT-Compliance-Time to Recover IndiHome Reseller-36 jam,MAGELANG,reg,100
ASR-ENT-Compliance-Time to Recover IndiHome Reseller-36 jam,PEKALONGAN,reg,100
ASR-ENT-Compliance-Time to Recover IndiHome Reseller-36 jam,PURWOKERTO,reg,95
ASR-ENT-Compliance-Time to Recover IndiHome Reseller-36 jam,SEMARANG,reg,100
ASR-ENT-Compliance-Time to Recover IndiHome Reseller-36 jam,SOLO,reg,97.80000305175781
ASR-ENT-Compliance-Time to Recover IndiHome Reseller-36 jam,YOGYAKARTA,reg,96.4000015258789
ASR-ENT-Compliance-Time to Recover IndiHome Reseller-36 jam,DENPASAR,reg,96.5
ASR-ENT-Compliance-Time to Recover IndiHome Reseller-36 jam,JEMBER,reg,100
ASR-ENT-Compliance-Time to Recover IndiHome Reseller-36 jam,KEDIRI,reg,100
ASR-ENT-Compliance-Time to Recover IndiHome Reseller-36 jam,MADIUN,reg,100
ASR-ENT-Compliance-Time to Recover IndiHome Reseller-36 jam,MADURA,reg,100
ASR-ENT-Compliance-Time to Recover IndiHome Reseller-36 jam,MALANG,reg,100
ASR-ENT-Compliance-Time to Recover IndiHome Reseller-36 jam,NTB,reg,100
ASR-ENT-Compliance-Time to Recover IndiHome Reseller-36 jam,NTT,reg,94.4000015258789
ASR-ENT-Compliance-Time to Recover IndiHome Reseller-36 jam,PASURUAN,reg,100
ASR-ENT-Compliance-Time to Recover IndiHome Reseller-36 jam,SIDOARJO,reg,100
ASR-ENT-Compliance-Time to Recover IndiHome Reseller-36 jam,SINGARAJA,reg,86.69999694824219
ASR-ENT-Compliance-Time to Recover IndiHome Reseller-36 jam,SURABAYA SELATAN,reg,100
ASR-ENT-Compliance-Time to Recover IndiHome Reseller-36 jam,SURABAYA UTARA,reg,98.80000305175781
ASR-ENT-MTTR DWDM,REGIONAL 01,reg,-
ASR-ENT-MTTR DWDM,REGIONAL 02,reg,2.75
ASR-ENT-MTTR DWDM,REGIONAL 03,reg,-
ASR-ENT-MTTR DWDM,REGIONAL 04,reg,-
ASR-ENT-MTTR DWDM,REGIONAL 05,reg,3.98
ASR-ENT-MTTR DWDM,REGIONAL 06,reg,-
ASR-ENT-MTTR DWDM,REGIONAL 07,reg,-
ASR-ENT-MTTR DWDM,KUDUS,reg,-
ASR-ENT-MTTR DWDM,MAGELANG,reg,-
ASR-ENT-MTTR DWDM,PEKALONGAN,reg,-
ASR-ENT-MTTR DWDM,PURWOKERTO,reg,-
ASR-ENT-MTTR DWDM,SEMARANG,reg,-
ASR-ENT-MTTR DWDM,SOLO,reg,-
ASR-ENT-MTTR DWDM,YOGYAKARTA,reg,-
ASR-ENT-MTTR DWDM,DENPASAR,reg,-
ASR-ENT-MTTR DWDM,JEMBER,reg,-
ASR-ENT-MTTR DWDM,KEDIRI,reg,-
ASR-ENT-MTTR DWDM,MADIUN,reg,-
ASR-ENT-MTTR DWDM,MADURA,reg,-
ASR-ENT-MTTR DWDM,MALANG,reg,-
ASR-ENT-MTTR DWDM,NTB,reg,-
ASR-ENT-MTTR DWDM,NTT,reg,-
ASR-ENT-MTTR DWDM,PASURUAN,reg,-
ASR-ENT-MTTR DWDM,SIDOARJO,reg,-
ASR-ENT-MTTR DWDM,SINGARAJA,reg,3.98
ASR-ENT-MTTR DWDM,SURABAYA SELATAN,reg,-
ASR-ENT-MTTR DWDM,SURABAYA UTARA,reg,-
ASR-ENT-MTTR SIP TRUNK,REGIONAL 01,reg,7.93
ASR-ENT-MTTR SIP TRUNK,REGIONAL 02,reg,5.31
ASR-ENT-MTTR SIP TRUNK,REGIONAL 03,reg,2.28
ASR-ENT-MTTR SIP TRUNK,REGIONAL 04,reg,3.68
ASR-ENT-MTTR SIP TRUNK,REGIONAL 05,reg,12.2
ASR-ENT-MTTR SIP TRUNK,REGIONAL 06,reg,-
ASR-ENT-MTTR SIP TRUNK,REGIONAL 07,reg,-
ASR-ENT-MTTR SIP TRUNK,KUDUS,reg,-
ASR-ENT-MTTR SIP TRUNK,MAGELANG,reg,-
ASR-ENT-MTTR SIP TRUNK,PEKALONGAN,reg,-
ASR-ENT-MTTR SIP TRUNK,PURWOKERTO,reg,-
ASR-ENT-MTTR SIP TRUNK,SEMARANG,reg,3.68
ASR-ENT-MTTR SIP TRUNK,SOLO,reg,-
ASR-ENT-MTTR SIP TRUNK,YOGYAKARTA,reg,-
ASR-ENT-MTTR SIP TRUNK,DENPASAR,reg,0.86
ASR-ENT-MTTR SIP TRUNK,JEMBER,reg,-
ASR-ENT-MTTR SIP TRUNK,KEDIRI,reg,-
ASR-ENT-MTTR SIP TRUNK,MADIUN,reg,-
ASR-ENT-MTTR SIP TRUNK,MADURA,reg,-
ASR-ENT-MTTR SIP TRUNK,MALANG,reg,-
ASR-ENT-MTTR SIP TRUNK,NTB,reg,-
ASR-ENT-MTTR SIP TRUNK,NTT,reg,-
ASR-ENT-MTTR SIP TRUNK,PASURUAN,reg,-
ASR-ENT-MTTR SIP TRUNK,SIDOARJO,reg,-
ASR-ENT-MTTR SIP TRUNK,SINGARAJA,reg,20.83
ASR-ENT-MTTR SIP TRUNK,SURABAYA SELATAN,reg,-
ASR-ENT-MTTR SIP TRUNK,SURABAYA UTARA,reg,14.91
ONM-ENT-WiFi Revitalization,REGIONAL 01,reg,70.97
ONM-ENT-WiFi Revitalization,REGIONAL 02,reg,66.67
ONM-ENT-WiFi Revitalization,REGIONAL 03,reg,100
ONM-ENT-WiFi Revitalization,REGIONAL 04,reg,100
ONM-ENT-WiFi Revitalization,REGIONAL 05,reg,88.37
ONM-ENT-WiFi Revitalization,REGIONAL 06,reg,88.89
ONM-ENT-WiFi Revitalization,REGIONAL 07,reg,62.5
ONM-ENT-WiFi Revitalization,KUDUS,reg,-
ONM-ENT-WiFi Revitalization,MAGELANG,reg,100
ONM-ENT-WiFi Revitalization,PEKALONGAN,reg,-
ONM-ENT-WiFi Revitalization,PURWOKERTO,reg,-
ONM-ENT-WiFi Revitalization,SEMARANG,reg,-
ONM-ENT-WiFi Revitalization,SOLO,reg,100
ONM-ENT-WiFi Revitalization,YOGYAKARTA,reg,100
ONM-ENT-WiFi Revitalization,DENPASAR,reg,90.91
ONM-ENT-WiFi Revitalization,JEMBER,reg,100
ONM-ENT-WiFi Revitalization,KEDIRI,reg,-
ONM-ENT-WiFi Revitalization,MADIUN,reg,-
ONM-ENT-WiFi Revitalization,MADURA,reg,-
ONM-ENT-WiFi Revitalization,MALANG,reg,-
ONM-ENT-WiFi Revitalization,NTB,reg,100
ONM-ENT-WiFi Revitalization,NTT,reg,50
ONM-ENT-WiFi Revitalization,PASURUAN,reg,100
ONM-ENT-WiFi Revitalization,SIDOARJO,reg,100
ONM-ENT-WiFi Revitalization,SINGARAJA,reg,-
ONM-ENT-WiFi Revitalization,SURABAYA SELATAN,reg,100
ONM-ENT-WiFi Revitalization,SURABAYA UTARA,reg,100
FFM-ENT-Fulfillment Guarantee Non HSI,REGIONAL 01,reg,96.26000213623047
FFM-ENT-Fulfillment Guarantee Non HSI,REGIONAL 02,reg,97.63999938964844
FFM-ENT-Fulfillment Guarantee Non HSI,REGIONAL 03,reg,97.97000122070312
FFM-ENT-Fulfillment Guarantee Non HSI,REGIONAL 04,reg,100
FFM-ENT-Fulfillment Guarantee Non HSI,REGIONAL 05,reg,100
FFM-ENT-Fulfillment Guarantee Non HSI,REGIONAL 06,reg,97.58000183105469
FFM-ENT-Fulfillment Guarantee Non HSI,REGIONAL 07,reg,97.01000213623047
FFM-ENT-Fulfillment Guarantee Non HSI,KUDUS,reg,100
FFM-ENT-Fulfillment Guarantee Non HSI,MAGELANG,reg,100
FFM-ENT-Fulfillment Guarantee Non HSI,PEKALONGAN,reg,100
FFM-ENT-Fulfillment Guarantee Non HSI,PURWOKERTO,reg,100
FFM-ENT-Fulfillment Guarantee Non HSI,SEMARANG,reg,100
FFM-ENT-Fulfillment Guarantee Non HSI,SOLO,reg,100
FFM-ENT-Fulfillment Guarantee Non HSI,YOGYAKARTA,reg,100
FFM-ENT-Fulfillment Guarantee Non HSI,DENPASAR,reg,100
FFM-ENT-Fulfillment Guarantee Non HSI,JEMBER,reg,100
FFM-ENT-Fulfillment Guarantee Non HSI,KEDIRI,reg,100
FFM-ENT-Fulfillment Guarantee Non HSI,MADIUN,reg,100
FFM-ENT-Fulfillment Guarantee Non HSI,MADURA,reg,100
FFM-ENT-Fulfillment Guarantee Non HSI,MALANG,reg,100
FFM-ENT-Fulfillment Guarantee Non HSI,NTB,reg,100
FFM-ENT-Fulfillment Guarantee Non HSI,NTT,reg,100
FFM-ENT-Fulfillment Guarantee Non HSI,PASURUAN,reg,100
FFM-ENT-Fulfillment Guarantee Non HSI,SIDOARJO,reg,100
FFM-ENT-Fulfillment Guarantee Non HSI,SINGARAJA,reg,100
FFM-ENT-Fulfillment Guarantee Non HSI,SURABAYA SELATAN,reg,100
FFM-ENT-Fulfillment Guarantee Non HSI,SURABAYA UTARA,reg,100
FFM-ENT-TTD Compliance Non HSI,REGIONAL 01,reg,90.91000366210938
FFM-ENT-TTD Compliance Non HSI,REGIONAL 02,reg,100
FFM-ENT-TTD Compliance Non HSI,REGIONAL 03,reg,94.73999786376953
FFM-ENT-TTD Compliance Non HSI,REGIONAL 04,reg,94.44000244140625
FFM-ENT-TTD Compliance Non HSI,REGIONAL 05,reg,100
FFM-ENT-TTD Compliance Non HSI,REGIONAL 06,reg,100
FFM-ENT-TTD Compliance Non HSI,REGIONAL 07,reg,90.91000366210938
FFM-ENT-TTD Compliance Non HSI,KUDUS,reg,100
FFM-ENT-TTD Compliance Non HSI,MAGELANG,,
FFM-ENT-TTD Compliance Non HSI,PEKALONGAN,reg,100
FFM-ENT-TTD Compliance Non HSI,PURWOKERTO,reg,100
FFM-ENT-TTD Compliance Non HSI,SEMARANG,reg,100
FFM-ENT-TTD Compliance Non HSI,SOLO,reg,100
FFM-ENT-TTD Compliance Non HSI,YOGYAKARTA,reg,75
FFM-ENT-TTD Compliance Non HSI,DENPASAR,reg,100
FFM-ENT-TTD Compliance Non HSI,JEMBER,,
FFM-ENT-TTD Compliance Non HSI,KEDIRI,reg,100
FFM-ENT-TTD Compliance Non HSI,MADIUN,reg,100
FFM-ENT-TTD Compliance Non HSI,MADURA,reg,100
FFM-ENT-TTD Compliance Non HSI,MALANG,reg,100
FFM-ENT-TTD Compliance Non HSI,NTB,reg,100
FFM-ENT-TTD Compliance Non HSI,NTT,,
FFM-ENT-TTD Compliance Non HSI,PASURUAN,,
FFM-ENT-TTD Compliance Non HSI,SIDOARJO,reg,100
FFM-ENT-TTD Compliance Non HSI,SINGARAJA,reg,100
FFM-ENT-TTD Compliance Non HSI,SURABAYA SELATAN,reg,100
FFM-ENT-TTD Compliance Non HSI,SURABAYA UTARA,reg,100
FFM-ENT-TTR Fulfillment Guarantee 3 Jam Non HSI,REGIONAL 01,reg,100
FFM-ENT-TTR Fulfillment Guarantee 3 Jam Non HSI,REGIONAL 02,reg,100
FFM-ENT-TTR Fulfillment Guarantee 3 Jam Non HSI,REGIONAL 03,reg,100
FFM-ENT-TTR Fulfillment Guarantee 3 Jam Non HSI,REGIONAL 04,reg,100
FFM-ENT-TTR Fulfillment Guarantee 3 Jam Non HSI,REGIONAL 05,reg,100
FFM-ENT-TTR Fulfillment Guarantee 3 Jam Non HSI,REGIONAL 06,reg,100
FFM-ENT-TTR Fulfillment Guarantee 3 Jam Non HSI,REGIONAL 07,reg,66.66999816894531
FFM-ENT-TTR Fulfillment Guarantee 3 Jam Non HSI,KUDUS,reg,100
FFM-ENT-TTR Fulfillment Guarantee 3 Jam Non HSI,MAGELANG,reg,100
FFM-ENT-TTR Fulfillment Guarantee 3 Jam Non HSI,PEKALONGAN,reg,100
FFM-ENT-TTR Fulfillment Guarantee 3 Jam Non HSI,PURWOKERTO,reg,100
FFM-ENT-TTR Fulfillment Guarantee 3 Jam Non HSI,SEMARANG,reg,100
FFM-ENT-TTR Fulfillment Guarantee 3 Jam Non HSI,SOLO,reg,100
FFM-ENT-TTR Fulfillment Guarantee 3 Jam Non HSI,YOGYAKARTA,reg,100
FFM-ENT-TTR Fulfillment Guarantee 3 Jam Non HSI,DENPASAR,reg,100
FFM-ENT-TTR Fulfillment Guarantee 3 Jam Non HSI,JEMBER,reg,100
FFM-ENT-TTR Fulfillment Guarantee 3 Jam Non HSI,KEDIRI,reg,100
FFM-ENT-TTR Fulfillment Guarantee 3 Jam Non HSI,MADIUN,reg,100
FFM-ENT-TTR Fulfillment Guarantee 3 Jam Non HSI,MADURA,reg,100
FFM-ENT-TTR Fulfillment Guarantee 3 Jam Non HSI,MALANG,reg,100
FFM-ENT-TTR Fulfillment Guarantee 3 Jam Non HSI,NTB,reg,100
FFM-ENT-TTR Fulfillment Guarantee 3 Jam Non HSI,NTT,reg,100
FFM-ENT-TTR Fulfillment Guarantee 3 Jam Non HSI,PASURUAN,reg,100
FFM-ENT-TTR Fulfillment Guarantee 3 Jam Non HSI,SIDOARJO,reg,100
FFM-ENT-TTR Fulfillment Guarantee 3 Jam Non HSI,SINGARAJA,reg,100
FFM-ENT-TTR Fulfillment Guarantee 3 Jam Non HSI,SURABAYA SELATAN,reg,100
FFM-ENT-TTR Fulfillment Guarantee 3 Jam Non HSI,SURABAYA UTARA,reg,100
ONM-ALL-Service Availability-WiFi,REGIONAL 01,reg,99.95999908447266
ONM-ALL-Service Availability-WiFi,REGIONAL 02,reg,98.37999725341797
ONM-ALL-Service Availability-WiFi,REGIONAL 03,reg,99.63999938964844
ONM-ALL-Service Availability-WiFi,REGIONAL 04,reg,99.87000274658203
ONM-ALL-Service Availability-WiFi,REGIONAL 05,reg,98.08999633789062
ONM-ALL-Service Availability-WiFi,REGIONAL 06,reg,99.7300033569336
ONM-ALL-Service Availability-WiFi,REGIONAL 07,reg,99.72000122070312
ONM-ALL-Service Availability-WiFi,KUDUS,reg,99.80000305175781
ONM-ALL-Service Availability-WiFi,MAGELANG,reg,99.70999908447266
ONM-ALL-Service Availability-WiFi,PEKALONGAN,reg,99.79000091552734
ONM-ALL-Service Availability-WiFi,PURWOKERTO,reg,99.8499984741211
ONM-ALL-Service Availability-WiFi,SEMARANG,reg,99.95999908447266
ONM-ALL-Service Availability-WiFi,SOLO,reg,99.93000030517578
ONM-ALL-Service Availability-WiFi,YOGYAKARTA,reg,99.87000274658203
ONM-ALL-Service Availability-WiFi,DENPASAR,reg,94.86000061035156
ONM-ALL-Service Availability-WiFi,JEMBER,reg,99.8499984741211
ONM-ALL-Service Availability-WiFi,KEDIRI,reg,99.66000366210938
ONM-ALL-Service Availability-WiFi,MADIUN,reg,99.58000183105469
ONM-ALL-Service Availability-WiFi,MADURA,reg,99.72000122070312
ONM-ALL-Service Availability-WiFi,MALANG,reg,99.8499984741211
ONM-ALL-Service Availability-WiFi,NTB,reg,96.44000244140625
ONM-ALL-Service Availability-WiFi,NTT,reg,98.80000305175781
ONM-ALL-Service Availability-WiFi,PASURUAN,reg,99.58000183105469
ONM-ALL-Service Availability-WiFi,SIDOARJO,reg,99.80999755859375
ONM-ALL-Service Availability-WiFi,SINGARAJA,reg,98.5199966430664
ONM-ALL-Service Availability-WiFi,SURABAYA SELATAN,reg,97.58000183105469
ONM-ALL-Service Availability-WiFi,SURABAYA UTARA,reg,98.66999816894531
FFM-ENT-Underspec Warranty Guarantee HSI,REGIONAL 01,reg,99.31999969482422
FFM-ENT-Underspec Warranty Guarantee HSI,REGIONAL 02,reg,99.58999633789062
FFM-ENT-Underspec Warranty Guarantee HSI,REGIONAL 03,reg,99.73999786376953
FFM-ENT-Underspec Warranty Guarantee HSI,REGIONAL 04,reg,99.80999755859375
FFM-ENT-Underspec Warranty Guarantee HSI,REGIONAL 05,reg,99.69000244140625
FFM-ENT-Underspec Warranty Guarantee HSI,REGIONAL 06,reg,99.2699966430664
FFM-ENT-Underspec Warranty Guarantee HSI,REGIONAL 07,reg,99.25
FFM-ENT-Underspec Warranty Guarantee HSI,KUDUS,reg,99.76000213623047
FFM-ENT-Underspec Warranty Guarantee HSI,MAGELANG,reg,99.43000030517578
FFM-ENT-Underspec Warranty Guarantee HSI,PEKALONGAN,reg,100
FFM-ENT-Underspec Warranty Guarantee HSI,PURWOKERTO,reg,100
FFM-ENT-Underspec Warranty Guarantee HSI,SEMARANG,reg,99.79000091552734
FFM-ENT-Underspec Warranty Guarantee HSI,SOLO,reg,100
FFM-ENT-Underspec Warranty Guarantee HSI,YOGYAKARTA,reg,99.7699966430664
FFM-ENT-Underspec Warranty Guarantee HSI,DENPASAR,reg,98.27999877929688
FFM-ENT-Underspec Warranty Guarantee HSI,JEMBER,reg,99.80000305175781
FFM-ENT-Underspec Warranty Guarantee HSI,KEDIRI,reg,100
FFM-ENT-Underspec Warranty Guarantee HSI,MADIUN,reg,99.66999816894531
FFM-ENT-Underspec Warranty Guarantee HSI,MADURA,reg,99.79000091552734
FFM-ENT-Underspec Warranty Guarantee HSI,MALANG,reg,100
FFM-ENT-Underspec Warranty Guarantee HSI,NTB,reg,99.47000122070312
FFM-ENT-Underspec Warranty Guarantee HSI,NTT,reg,99.22000122070312
FFM-ENT-Underspec Warranty Guarantee HSI,PASURUAN,reg,100
FFM-ENT-Underspec Warranty Guarantee HSI,SIDOARJO,reg,99.6500015258789
FFM-ENT-Underspec Warranty Guarantee HSI,SINGARAJA,reg,100
FFM-ENT-Underspec Warranty Guarantee HSI,SURABAYA SELATAN,reg,99.6500015258789
FFM-ENT-Underspec Warranty Guarantee HSI,SURABAYA UTARA,reg,99.83999633789062